proj_id,report_quarter,quarter_first_seen,project_age,match_confidence,segment,class_type,territory,project_stage,announced_load_mw,initial_service_date,new_project,change_announced_load,change_load_ramp,change_project_stage,change_initial_service_date,load_2023,load_2024,load_2025,load_2026,load_2027,load_2028,load_2029,load_2030,load_2031,load_2032,load_2033,load_2034,load_2035,load_2036,load_2037
P0001,2024Q1,2024Q1,1,seed,,,Inside,Request for Service,110,Q2 2025,,Y,Y,,Y,0.0,0.0,70.0,110.0,110.0,110.0,110.0,110.0,110.0,110.0,110.0,110.0,110.0,110.0,110.0
P0001,2024Q2,2024Q1,2,exact_noseg,manufacturing,Industrial,Inside,Request for Service,105,Q2 2025,,Y,Y,,,0.0,0.0,5.0,91.0,105.0,105.0,105.0,105.0,105.0,105.0,105.0,105.0,105.0,105.0,105.0
P0001,2024Q3,2024Q1,3,ramp_0.95,manufacturing,Industrial,Inside,Technical Review,100,Q4 2025,Y,,,,,0.0,0.0,10.0,80.0,100.0,100.0,100.0,100.0,100.0,100.0,100.0,100.0,100.0,100.0,100.0
P0001,2024Q4,2024Q1,4,exact,manufacturing,Industrial,Inside,Technical Review,100,Q4 2025,,,,,,0.0,0.0,10.0,80.0,100.0,100.0,100.0,100.0,100.0,100.0,100.0,100.0,100.0,100.0,100.0
P0001,2025Q1,2024Q1,5,exact_noseg,manufacturing,Industrial,Inside,Technical Review,80,Q4 2025,,,Y,,,0.0,0.0,5.0,5.0,40.0,40.0,80.0,80.0,80.0,80.0,80.0,80.0,80.0,80.0,80.0
P0001,2025Q2,2024Q1,6,ramp_0.87,clean energy tech,Industrial,Inside,Technical Review,88,Q3 2026,Y,,,,,0.0,0.0,0.0,0.0,22.0,88.0,88.0,88.0,88.0,88.0,88.0,88.0,88.0,88.0,88.0
P0001,2025Q3,2024Q1,7,exact,clean energy tech,Industrial,Inside,Technical Review,88,Q2 2027,,,,,,0.0,0.0,0.0,0.0,22.0,88.0,88.0,88.0,88.0,88.0,88.0,88.0,88.0,88.0,88.0
P0002,2024Q1,2024Q1,1,seed,,,Outside,Request for Service,52,Q2 2025,Y,,,,,0.0,0.0,16.0,25.0,52.0,52.0,52.0,52.0,52.0,52.0,52.0,52.0,52.0,52.0,52.0
P0002,2024Q2,2024Q1,2,ramp_1.00,manufacturing,Industrial,Outside,Contract for Electric Service,52,Q2 2024,,,Y,Y,Y,0.0,16.0,52.0,52.0,52.0,52.0,52.0,52.0,52.0,52.0,52.0,52.0,52.0,52.0,52.0
P0003,2024Q1,2024Q1,1,seed,,,Inside,Request for Service,720,Q2 2027,,,Y,Y,Y,0.0,0.0,0.0,0.0,70.0,285.0,510.0,695.0,720.0,720.0,720.0,720.0,720.0,720.0,720.0
P0003,2024Q2,2024Q1,2,exact_noseg,data center,Commercial,Inside,Request for Service,720,Q2 2027,,,Y,,,0.0,0.0,0.0,0.0,90.0,285.0,510.0,695.0,720.0,720.0,720.0,720.0,720.0,720.0,720.0
P0003,2024Q3,2024Q1,3,exact,data center,Commercial,Inside,Request for Service,901,Q2 2027,,Y,Y,,,0.0,0.0,0.0,0.0,120.0,342.0,588.0,823.0,901.0,901.0,901.0,901.0,901.0,901.0,901.0
P0003,2024Q4,2024Q1,4,exact,data center,Commercial,Inside,Request for Service,901,Q2 2027,,,,,,0.0,0.0,0.0,0.0,120.0,342.0,588.0,823.0,901.0,901.0,901.0,901.0,901.0,901.0,901.0
P0003,2025Q1,2024Q1,5,exact,data center,Commercial,Inside,Request for Service,901,Q2 2027,,,,,,0.0,0.0,0.0,0.0,120.0,342.0,588.0,823.0,901.0,901.0,901.0,901.0,901.0,901.0,901.0
P0003,2025Q2,2024Q1,6,exact,data center,Commercial,Inside,Request for Service,901,Q2 2027,,,,,,0.0,0.0,0.0,0.0,120.0,342.0,588.0,823.0,901.0,901.0,901.0,901.0,901.0,901.0,901.0
P0003,2025Q3,2024Q1,7,ramp_1.00,data center,Commercial,Inside,Contract for Electric Service,901,Q4 2027,,,,,,0.0,0.0,0.0,0.0,120.0,342.0,588.0,823.0,901.0,901.0,901.0,901.0,901.0,901.0,901.0
P0003,2025Q4,2024Q1,8,exact,data center,Commercial,Inside,Contract for Electric Service,901,Q4 2027,,,,,,,,0.0,0.0,120.0,342.0,588.0,823.0,901.0,901.0,901.0,901.0,901.0,901.0,901.0
P0003,2026Q1,2024Q1,9,exact,data center,Commercial,Inside,Contract for Electric Service,901,Q4 2027,,,,,,,,,0.0,120.0,342.0,588.0,823.0,901.0,901.0,901.0,901.0,901.0,901.0,901.0
P0004,2024Q1,2024Q1,1,seed,,,Outside,Request for Service,180,Q3 2025,,,Y,,,0.0,0.0,40.0,110.0,175.0,180.0,180.0,180.0,180.0,180.0,180.0,180.0,180.0,180.0,180.0
P0005,2024Q1,2024Q1,1,seed,,,Inside,Technical Review,983,Q2 2024,Y,,,,,0.0,78.0,480.0,650.0,820.0,983.0,983.0,983.0,983.0,983.0,983.0,983.0,983.0,983.0,983.0
P0005,2024Q2,2024Q1,2,ramp_0.72,data center,Commercial,Inside,Technical Review,780,Q2 2026,Y,,,,,0.0,0.0,0.0,15.0,195.0,390.0,585.0,780.0,780.0,780.0,780.0,780.0,780.0,780.0,780.0
P0005,2024Q3,2024Q1,3,ramp_0.91,data center,Commercial,Inside,Technical Review,725,Q1 2025,Y,,,,,0.0,0.0,5.0,77.0,245.0,365.0,485.0,605.0,725.0,725.0,725.0,725.0,725.0,725.0,725.0
P0005,2024Q4,2024Q1,4,ramp_0.76,data center,Commercial,Inside,Technical Review,1000,Q2 2026,,,,,,0.0,0.0,0.0,200.0,350.0,500.0,600.0,700.0,800.0,900.0,1000.0,1000.0,1000.0,1000.0,1000.0
P0006,2024Q1,2024Q1,1,seed,,,Inside,Technical Review,1110,Q2 2026,Y,,,,,0.0,0.0,0.0,3.0,58.0,376.0,702.0,1041.0,1110.0,1110.0,1110.0,1110.0,1110.0,1110.0,1110.0
P0006,2024Q2,2024Q1,2,ramp_0.83,data center,Commercial,Inside,Request for Service,693,Q4 2025,,Y,Y,Y,Y,0.0,0.0,2.0,10.0,87.0,173.0,260.0,347.0,433.0,520.0,606.0,693.0,693.0,693.0,693.0
P0006,2024Q3,2024Q1,3,ramp_0.72,data center,Commercial,Inside,Technical Review,780,Q1 2026,,,,,Y,0.0,0.0,0.0,15.0,195.0,390.0,585.0,780.0,780.0,780.0,780.0,780.0,780.0,780.0,780.0
P0006,2024Q4,2024Q1,4,exact,data center,Commercial,Inside,Technical Review,450,Q1 2026,,Y,Y,,,0.0,0.0,0.0,15.0,195.0,390.0,450.0,450.0,450.0,450.0,450.0,450.0,450.0,450.0,450.0
P0006,2025Q1,2024Q1,5,ramp_0.80,data center,Commercial,Inside,Technical Review,651,Q2 2027,,,,,Y,0.0,0.0,0.0,0.0,74.0,149.0,223.0,307.0,419.0,530.0,642.0,651.0,651.0,651.0,651.0
P0006,2025Q2,2024Q1,6,exact,data center,Commercial,Inside,Technical Review,651,Q2 2027,,,,,,0.0,0.0,0.0,0.0,74.0,149.0,223.0,307.0,419.0,530.0,642.0,651.0,651.0,651.0,651.0
P0006,2025Q3,2024Q1,7,exact,data center,Commercial,Inside,Technical Review,651,Q2 2027,,,,,,0.0,0.0,0.0,0.0,150.0,400.0,651.0,651.0,651.0,651.0,651.0,651.0,651.0,651.0,651.0
P0006,2025Q4,2024Q1,8,ramp_1.00,data center,Commercial,Inside,Technical Review,651,Q4 2027,,,,,Y,,,0.0,0.0,150.0,400.0,651.0,651.0,651.0,651.0,651.0,651.0,651.0,651.0,651.0
P0006,2026Q1,2024Q1,9,exact,data center,Commercial,Inside,Technical Review,651,Q4 2027,,,,,,,,,0.0,150.0,400.0,651.0,651.0,651.0,651.0,651.0,651.0,651.0,651.0,651.0
P0007,2024Q1,2024Q1,1,seed,,,Outside,Technical Review,150,Q2 2025,Y,,,,,0.0,0.0,150.0,150.0,150.0,150.0,150.0,150.0,150.0,150.0,150.0,150.0,150.0,150.0,150.0
P0008,2024Q1,2024Q1,1,seed,,,Inside,Technical Review,200,Q2 2025,Y,,,,,0.0,0.0,40.0,80.0,120.0,160.0,200.0,200.0,200.0,200.0,200.0,200.0,200.0,200.0,200.0
P0009,2024Q1,2024Q1,1,seed,,,Inside,Technical Review,245,Q2 2025,Y,,,,,0.0,0.0,5.0,65.0,125.0,185.0,245.0,245.0,245.0,245.0,245.0,245.0,245.0,245.0,245.0
P0009,2024Q2,2024Q1,2,ramp_1.00,data center,Commercial,Inside,Technical Review,365,Q4 2025,,Y,Y,,Y,0.0,0.0,5.0,125.0,245.0,365.0,365.0,365.0,365.0,365.0,365.0,365.0,365.0,365.0,365.0
P0009,2024Q3,2024Q1,3,ramp_1.00,data center,Commercial,Inside,Technical Review,365,Q2 2025,,,,,Y,0.0,0.0,5.0,125.0,245.0,365.0,365.0,365.0,365.0,365.0,365.0,365.0,365.0,365.0,365.0
P0009,2024Q4,2024Q1,4,ramp_0.72,data center,Commercial,Inside,Technical Review,567,Q4 2025,,,,,Y,0.0,0.0,2.0,81.0,162.0,243.0,324.0,405.0,486.0,567.0,567.0,567.0,567.0,567.0,567.0
P0009,2025Q1,2024Q1,5,exact,data center,Commercial,Inside,Technical Review,567,Q4 2025,,,,,,0.0,0.0,2.0,81.0,162.0,243.0,324.0,405.0,486.0,567.0,567.0,567.0,567.0,567.0,567.0
P0009,2025Q2,2024Q1,6,ramp_0.89,data center,Commercial,Inside,Technical Review,600,Q4 2026,,,,,,0.0,0.0,0.0,10.0,163.0,294.0,425.0,557.0,600.0,600.0,600.0,600.0,600.0,600.0,600.0
P0010,2024Q1,2024Q1,1,seed,,,Inside,Technical Review,144,Q1 2025,Y,,,,,0.0,0.0,36.0,72.0,108.0,144.0,144.0,144.0,144.0,144.0,144.0,144.0,144.0,144.0,144.0
P0010,2024Q2,2024Q1,2,ramp_1.00,data center,Commercial,Inside,Technical Review,144,Q2 2026,,,Y,,Y,0.0,0.0,0.0,36.0,72.0,108.0,144.0,144.0,144.0,144.0,144.0,144.0,144.0,144.0,144.0
P0010,2024Q3,2024Q1,3,ramp_0.94,data center,Commercial,Inside,Technical Review,144,Q2 2027,,,Y,,Y,0.0,0.0,0.0,0.0,36.0,72.0,108.0,144.0,144.0,144.0,144.0,144.0,144.0,144.0,144.0
P0010,2024Q4,2024Q1,4,ramp_0.91,data center,Commercial,Inside,Technical Review,162,Q2 2027,Y,,,,,0.0,0.0,0.0,0.0,20.0,40.0,60.0,80.0,100.0,120.0,140.0,162.0,162.0,162.0,162.0
P0010,2025Q1,2024Q1,5,exact,data center,Commercial,Inside,Technical Review,162,Q2 2027,,,,,,0.0,0.0,0.0,0.0,20.0,40.0,60.0,80.0,100.0,120.0,140.0,162.0,162.0,162.0,162.0
P0010,2025Q2,2024Q1,6,exact,data center,Commercial,Inside,Technical Review,162,Q2 2027,,,,,,0.0,0.0,0.0,0.0,20.0,40.0,60.0,80.0,100.0,120.0,140.0,162.0,162.0,162.0,162.0
P0011,2024Q1,2024Q1,1,seed,,,Inside,Contract for Electric Service,182,Q2 2026,,,Y,Y,,0.0,0.0,0.0,72.0,128.0,182.0,182.0,182.0,182.0,182.0,182.0,182.0,182.0,182.0,182.0
P0011,2024Q2,2024Q1,2,exact_noseg,data center,Commercial,Inside,Contract for Electric Service,182,Q2 2026,,,,,,0.0,0.0,0.0,72.0,128.0,182.0,182.0,182.0,182.0,182.0,182.0,182.0,182.0,182.0,182.0
P0011,2024Q3,2024Q1,3,exact,data center,Commercial,Inside,Contract for Electric Service,182,Q2 2026,,,,,,0.0,0.0,0.0,72.0,128.0,182.0,182.0,182.0,182.0,182.0,182.0,182.0,182.0,182.0,182.0
P0011,2024Q4,2024Q1,4,exact,data center,Commercial,Inside,Contract for Electric Service,182,Q2 2026,,,,,,0.0,0.0,0.0,72.0,128.0,182.0,182.0,182.0,182.0,182.0,182.0,182.0,182.0,182.0,182.0
P0011,2025Q1,2024Q1,5,exact,data center,Commercial,Inside,Contract for Electric Service,182,Q2 2026,,,Y,,,0.0,0.0,0.0,95.0,182.0,182.0,182.0,182.0,182.0,182.0,182.0,182.0,182.0,182.0,182.0
P0011,2025Q2,2024Q1,6,exact,data center,Commercial,Inside,Contract for Electric Service,182,Q2 2026,,,,,,0.0,0.0,0.0,95.0,182.0,182.0,182.0,182.0,182.0,182.0,182.0,182.0,182.0,182.0,182.0
P0011,2025Q3,2024Q1,7,exact,data center,Commercial,Inside,Contract for Electric Service,182,Q2 2026,,,,,,0.0,0.0,0.0,72.0,128.0,182.0,182.0,182.0,182.0,182.0,182.0,182.0,182.0,182.0,182.0
P0011,2025Q4,2024Q1,8,exact,data center,Commercial,Inside,Contract for Electric Service,182,Q2 2026,,,Y,,,,,0.0,95.0,182.0,182.0,182.0,182.0,182.0,182.0,182.0,182.0,182.0,182.0,182.0
P0011,2026Q1,2024Q1,9,exact,data center,Commercial,Inside,Contract for Electric Service,182,Q2 2026,,,Y,,,,,,72.0,128.0,182.0,182.0,182.0,182.0,182.0,182.0,182.0,182.0,182.0,182.0
P0012,2024Q1,2024Q1,1,seed,,,Inside,Request for Service,216,Q3 2025,,,Y,,Y,0.0,0.0,30.0,60.0,100.0,140.0,216.0,216.0,216.0,216.0,216.0,216.0,216.0,216.0,216.0
P0012,2024Q2,2024Q1,2,ramp_0.86,data center,Commercial,Inside,Technical Review,180,Q2 2025,,,,,,0.0,0.0,15.0,45.0,90.0,180.0,180.0,180.0,180.0,180.0,180.0,180.0,180.0,180.0,180.0
P0013,2024Q1,2024Q1,1,seed,,,Outside,Request for Service,66,Q2 2025,,,Y,,Y,0.0,0.0,22.0,44.0,44.0,66.0,66.0,66.0,66.0,66.0,66.0,66.0,66.0,66.0,66.0
P0014,2024Q1,2024Q1,1,seed,,,Inside,Technical Review,120,Q2 2025,,,,,,0.0,0.0,60.0,120.0,120.0,120.0,120.0,120.0,120.0,120.0,120.0,120.0,120.0,120.0,120.0
P0014,2024Q2,2024Q1,2,ramp_1.00,clean energy tech,Industrial,Inside,Technical Review,60,Q2 2026,,Y,Y,,Y,0.0,0.0,0.0,30.0,60.0,60.0,60.0,60.0,60.0,60.0,60.0,60.0,60.0,60.0,60.0
P0014,2024Q3,2024Q1,3,ramp_1.00,manufacturing,Industrial,Inside,Technical Review,60,Q4 2026,,,,,Y,0.0,0.0,0.0,30.0,60.0,60.0,60.0,60.0,60.0,60.0,60.0,60.0,60.0,60.0,60.0
P0014,2024Q4,2024Q1,4,exact,manufacturing,Industrial,Inside,Technical Review,60,Q4 2026,,,,,,0.0,0.0,0.0,30.0,60.0,60.0,60.0,60.0,60.0,60.0,60.0,60.0,60.0,60.0,60.0
P0015,2024Q1,2024Q1,1,seed,,,Inside,Technical Review,433,Q2 2025,Y,,,,,0.0,0.0,2.0,10.0,87.0,173.0,260.0,347.0,433.0,433.0,433.0,433.0,433.0,433.0,433.0
P0016,2024Q1,2024Q1,1,seed,,,Inside,Technical Review,630,Q2 2024,Y,,,,,0.0,2.0,10.0,158.0,315.0,473.0,630.0,630.0,630.0,630.0,630.0,630.0,630.0,630.0,630.0
P0017,2024Q1,2024Q1,1,seed,,,Inside,Technical Review,311,Q2 2024,Y,,,,,0.0,2.0,10.0,104.0,208.0,311.0,311.0,311.0,311.0,311.0,311.0,311.0,311.0,311.0,311.0
P0017,2024Q2,2024Q1,2,ramp_0.96,data center,Commercial,Inside,Technical Review,300,Q2 2026,Y,,,,,0.0,0.0,0.0,100.0,200.0,300.0,300.0,300.0,300.0,300.0,300.0,300.0,300.0,300.0,300.0
P0017,2024Q3,2024Q1,3,ramp_0.94,data center,Commercial,Inside,Technical Review,360,Q2 2027,Y,,,,,0.0,0.0,0.0,0.0,72.0,120.0,168.0,216.0,288.0,360.0,360.0,360.0,360.0,360.0,360.0
P0018,2024Q1,2024Q1,1,seed,,,Inside,Technical Review,243,Q2 2027,Y,,,,,0.0,0.0,0.0,0.0,39.0,63.0,115.0,167.0,208.0,243.0,243.0,243.0,243.0,243.0,243.0
P0018,2024Q2,2024Q1,2,exact_noseg,data center,Commercial,Inside,Technical Review,243,Q2 2027,,,,,,0.0,0.0,0.0,0.0,39.0,63.0,115.0,167.0,208.0,243.0,243.0,243.0,243.0,243.0,243.0
P0018,2024Q3,2024Q1,3,ramp_1.00,data center,Commercial,Inside,Technical Review,243,Q3 2027,,,,,Y,0.0,0.0,0.0,0.0,39.0,63.0,115.0,167.0,208.0,243.0,243.0,243.0,243.0,243.0,243.0
P0018,2024Q4,2024Q1,4,ramp_0.77,data center,Commercial,Inside,Technical Review,300,Q2 2027,Y,,,,,0.0,0.0,0.0,0.0,75.0,131.0,188.0,244.0,300.0,300.0,300.0,300.0,300.0,300.0,300.0
P0019,2024Q1,2024Q1,1,seed,,,Inside,Technical Review,200,Q1 2025,Y,,,,,0.0,0.0,25.0,200.0,200.0,200.0,200.0,200.0,200.0,200.0,200.0,200.0,200.0,200.0,200.0
P0019,2024Q2,2024Q1,2,exact_noseg,other,Industrial,Inside,Technical Review,200,Q1 2025,,,,,,0.0,0.0,25.0,200.0,200.0,200.0,200.0,200.0,200.0,200.0,200.0,200.0,200.0,200.0,200.0
P0020,2024Q1,2024Q1,1,seed,,,Outside,Request for Service,202,Q2 2024,,,,,Y,0.0,63.0,116.0,147.0,165.0,192.0,197.0,202.0,202.0,202.0,202.0,202.0,202.0,202.0,202.0
P0020,2024Q2,2024Q1,2,exact_noseg,clean energy tech,Industrial,Outside,Contract for Electric Service,202,Q2 2024,,,Y,Y,,0.0,60.0,113.0,144.0,162.0,192.0,197.0,202.0,202.0,202.0,202.0,202.0,202.0,202.0,202.0
P0020,2024Q3,2024Q1,3,ramp_1.00,clean energy tech,Industrial,Outside,Contract for Electric Service,207,Q1 2024,,Y,Y,,Y,0.0,61.0,96.0,132.0,148.0,184.0,196.0,207.0,207.0,207.0,207.0,207.0,207.0,207.0,207.0
P0020,2024Q4,2024Q1,4,exact,clean energy tech,Industrial,Outside,Contract for Electric Service,207,Q1 2024,,,,,,0.0,61.0,96.0,132.0,148.0,184.0,196.0,207.0,207.0,207.0,207.0,207.0,207.0,207.0,207.0
P0020,2025Q1,2024Q1,5,exact,clean energy tech,Industrial,Outside,Contract for Electric Service,207,Q1 2024,,,,,,0.0,61.0,96.0,132.0,148.0,184.0,196.0,207.0,207.0,207.0,207.0,207.0,207.0,207.0,207.0
P0020,2025Q2,2024Q1,6,exact,clean energy tech,Industrial,Outside,Contract for Electric Service,207,Q1 2024,,,,,,0.0,61.0,96.0,132.0,148.0,184.0,196.0,207.0,207.0,207.0,207.0,207.0,207.0,207.0,207.0
P0020,2025Q3,2024Q1,7,exact,clean energy tech,Industrial,Outside,Contract for Electric Service,207,Q1 2024,,Y,Y,,,0.0,61.0,96.0,132.0,148.0,184.0,196.0,207.0,207.0,207.0,207.0,207.0,207.0,207.0,207.0
P0020,2025Q4,2024Q1,8,ramp_0.78,data center,Commercial,Inside,Technical Review,264,Q4 2027,Y,,,,,,,0.0,0.0,90.0,264.0,264.0,264.0,264.0,264.0,264.0,264.0,264.0,264.0,264.0
P0020,2026Q1,2024Q1,9,exact,data center,Commercial,Inside,Technical Review,264,Q4 2027,,,,,,,,,0.0,90.0,264.0,264.0,264.0,264.0,264.0,264.0,264.0,264.0,264.0,264.0
P0021,2024Q1,2024Q1,1,seed,,,Inside,Technical Review,163,Q2 2025,Y,,,,,0.0,0.0,5.0,80.0,163.0,163.0,163.0,163.0,163.0,163.0,163.0,163.0,163.0,163.0,163.0
P0021,2024Q2,2024Q1,2,exact_noseg,data center,Commercial,Inside,Technical Review,163,Q2 2025,,,,,,0.0,0.0,5.0,80.0,163.0,163.0,163.0,163.0,163.0,163.0,163.0,163.0,163.0,163.0,163.0
P0021,2024Q3,2024Q1,3,ramp_1.00,data center,Commercial,Inside,Technical Review,163,Q4 2026,,,Y,,Y,0.0,0.0,0.0,80.0,163.0,163.0,163.0,163.0,163.0,163.0,163.0,163.0,163.0,163.0,163.0
P0021,2024Q4,2024Q1,4,exact,data center,Commercial,Inside,Technical Review,163,Q4 2026,,,,,,0.0,0.0,0.0,80.0,163.0,163.0,163.0,163.0,163.0,163.0,163.0,163.0,163.0,163.0,163.0
P0021,2025Q1,2024Q1,5,exact,data center,Commercial,Inside,Technical Review,163,Q4 2026,,,,,,0.0,0.0,0.0,80.0,163.0,163.0,163.0,163.0,163.0,163.0,163.0,163.0,163.0,163.0,163.0
P0021,2025Q2,2024Q1,6,exact,data center,Commercial,Inside,Technical Review,163,Q4 2026,,,,,,0.0,0.0,0.0,80.0,163.0,163.0,163.0,163.0,163.0,163.0,163.0,163.0,163.0,163.0,163.0
P0021,2025Q3,2024Q1,7,exact_noseg,data center,Commercial,Inside,Technical Review,725,Q4 2026,,,,,,0.0,0.0,0.0,5.0,77.0,245.0,365.0,485.0,605.0,725.0,725.0,725.0,725.0,725.0,725.0
P0021,2025Q4,2024Q1,8,ramp_0.92,data center,Commercial,Inside,Technical Review,725,Q4 2027,,,Y,,Y,,,0.0,0.0,5.0,77.0,245.0,365.0,485.0,605.0,725.0,725.0,725.0,725.0,725.0
P0021,2026Q1,2024Q1,9,ramp_1.00,data center,Commercial,Inside,Technical Review,725,Q4 2027,,,,,,,,,0.0,5.0,77.0,245.0,365.0,485.0,605.0,725.0,725.0,725.0,725.0,725.0
P0022,2024Q1,2024Q1,1,seed,,,Inside,Technical Review,200,Q2 2027,Y,,,,,0.0,0.0,0.0,0.0,40.0,80.0,160.0,200.0,200.0,200.0,200.0,200.0,200.0,200.0,200.0
P0022,2024Q2,2024Q1,2,exact_noseg,data center,Commercial,Inside,Technical Review,200,Q2 2027,,,,,,0.0,0.0,0.0,0.0,40.0,80.0,160.0,200.0,200.0,200.0,200.0,200.0,200.0,200.0,200.0
P0022,2024Q3,2024Q1,3,ramp_1.00,data center,Commercial,Inside,Technical Review,200,Q4 2027,,,,,Y,0.0,0.0,0.0,0.0,40.0,80.0,160.0,200.0,200.0,200.0,200.0,200.0,200.0,200.0,200.0
P0022,2024Q4,2024Q1,4,exact,data center,Commercial,Inside,Technical Review,200,Q4 2027,,,,,,0.0,0.0,0.0,0.0,40.0,80.0,160.0,200.0,200.0,200.0,200.0,200.0,200.0,200.0,200.0
P0022,2025Q1,2024Q1,5,ramp_0.86,data center,Commercial,Inside,Request for Service,225,Q1 2028,,,Y,,Y,0.0,0.0,0.0,0.0,45.0,135.0,225.0,225.0,225.0,225.0,225.0,225.0,225.0,225.0,225.0
P0023,2024Q1,2024Q1,1,seed,,,Outside,Contract for Electric Service,200,Q2 2025,,,,,,0.0,0.0,10.0,30.0,60.0,90.0,130.0,180.0,200.0,200.0,200.0,200.0,200.0,200.0,200.0
P0023,2024Q2,2024Q1,2,ramp_1.00,data center,Commercial,Outside,Contract for Electric Service,200,Q1 2025,,,,,Y,0.0,0.0,10.0,30.0,60.0,90.0,130.0,180.0,200.0,200.0,200.0,200.0,200.0,200.0,200.0
P0023,2024Q3,2024Q1,3,ramp_0.90,data center,Commercial,Outside,Contract for Electric Service,192,Q4 2023,,Y,Y,,Y,1.0,10.0,30.0,100.0,150.0,175.0,192.0,192.0,192.0,192.0,192.0,192.0,192.0,192.0,192.0
P0023,2024Q4,2024Q1,4,exact,data center,Commercial,Outside,Contract for Electric Service,192,Q1 2024,,,Y,,Y,0.0,10.0,22.0,50.0,96.0,155.0,192.0,192.0,192.0,192.0,192.0,192.0,192.0,192.0,192.0
P0023,2025Q1,2024Q1,5,exact,data center,Commercial,Outside,Contract for Electric Service,192,Q1 2024,,,,,,0.0,10.0,22.0,50.0,96.0,155.0,192.0,192.0,192.0,192.0,192.0,192.0,192.0,192.0,192.0
P0023,2025Q2,2024Q1,6,exact,data center,Commercial,Outside,Contract for Electric Service,192,Q1 2024,,,,,,0.0,10.0,22.0,50.0,96.0,155.0,192.0,192.0,192.0,192.0,192.0,192.0,192.0,192.0,192.0
P0023,2025Q3,2024Q1,7,exact,data center,Commercial,Outside,Contract for Electric Service,192,Q1 2024,,,,,,0.0,10.0,22.0,50.0,96.0,155.0,192.0,192.0,192.0,192.0,192.0,192.0,192.0,192.0,192.0
P0023,2025Q4,2024Q1,8,exact,data center,Commercial,Outside,Contract for Electric Service,192,Q1 2024,,,,,,,,22.0,50.0,96.0,155.0,192.0,192.0,192.0,192.0,192.0,192.0,192.0,192.0,192.0
P0023,2026Q1,2024Q1,9,exact,data center,Commercial,Outside,Contract for Electric Service,192,Q1 2024,,,,,,,,,50.0,96.0,155.0,192.0,192.0,192.0,192.0,192.0,192.0,192.0,192.0,192.0
P0024,2024Q1,2024Q1,1,seed,,,Inside,Contract for Electric Service,240,Q2 2025,,,,,,0.0,0.0,10.0,30.0,60.0,100.0,140.0,190.0,240.0,240.0,240.0,240.0,240.0,240.0,240.0
P0024,2024Q2,2024Q1,2,ramp_1.00,data center,Commercial,Inside,Contract for Electric Service,240,Q1 2025,,,,,Y,0.0,0.0,10.0,30.0,60.0,100.0,140.0,190.0,240.0,240.0,240.0,240.0,240.0,240.0,240.0
P0024,2024Q3,2024Q1,3,exact,data center,Commercial,Inside,Contract for Electric Service,240,Q1 2025,,,Y,,,0.0,0.0,30.0,100.0,150.0,175.0,200.0,240.0,240.0,240.0,240.0,240.0,240.0,240.0,240.0
P0024,2024Q4,2024Q1,4,exact,data center,Commercial,Inside,Contract for Electric Service,240,Q1 2025,,,Y,,,0.0,0.0,21.0,50.0,96.0,155.0,214.0,240.0,240.0,240.0,240.0,240.0,240.0,240.0,240.0
P0025,2024Q1,2024Q1,1,seed,,,Inside,Technical Review,162,Q2 2028,Y,,,,,0.0,0.0,0.0,0.0,0.0,50.0,100.0,162.0,162.0,162.0,162.0,162.0,162.0,162.0,162.0
P0025,2024Q2,2024Q1,2,exact_noseg,data center,Commercial,Inside,Technical Review,162,Q2 2028,,,,,,0.0,0.0,0.0,0.0,0.0,50.0,100.0,162.0,162.0,162.0,162.0,162.0,162.0,162.0,162.0
P0025,2024Q3,2024Q1,3,ramp_1.00,data center,Commercial,Inside,Technical Review,162,Q1 2028,,,,,Y,0.0,0.0,0.0,0.0,0.0,50.0,100.0,162.0,162.0,162.0,162.0,162.0,162.0,162.0,162.0
P0025,2024Q4,2024Q1,4,exact,data center,Commercial,Inside,Technical Review,162,Q1 2028,,,Y,,,0.0,0.0,0.0,0.0,0.0,40.0,64.0,88.0,112.0,136.0,150.0,162.0,162.0,162.0,162.0
P0025,2025Q1,2024Q1,5,ramp_0.79,data center,Commercial,Inside,Technical Review,180,Q2 2029,Y,,,,,0.0,0.0,0.0,0.0,0.0,0.0,90.0,180.0,180.0,180.0,180.0,180.0,180.0,180.0,180.0
P0025,2025Q2,2024Q1,6,exact,data center,Commercial,Inside,Technical Review,180,Q2 2029,,,,,,0.0,0.0,0.0,0.0,0.0,0.0,90.0,180.0,180.0,180.0,180.0,180.0,180.0,180.0,180.0
P0026,2024Q1,2024Q1,1,seed,,,Outside,Technical Review,130,Q2 2029,,,,,Y,0.0,0.0,0.0,0.0,0.0,0.0,30.0,80.0,130.0,130.0,130.0,130.0,130.0,130.0,130.0
P0026,2024Q2,2024Q1,2,exact_noseg,data center,Commercial,Outside,Technical Review,130,Q2 2029,,,,,,0.0,0.0,0.0,0.0,0.0,0.0,30.0,80.0,130.0,130.0,130.0,130.0,130.0,130.0,130.0
P0026,2024Q3,2024Q1,3,exact,data center,Commercial,Outside,Technical Review,130,Q1 2029,,,,,Y,0.0,0.0,0.0,0.0,0.0,0.0,30.0,80.0,130.0,130.0,130.0,130.0,130.0,130.0,130.0
P0026,2024Q4,2024Q1,4,exact,data center,Commercial,Outside,Technical Review,130,Q1 2029,,,,,,0.0,0.0,0.0,0.0,0.0,0.0,30.0,80.0,130.0,130.0,130.0,130.0,130.0,130.0,130.0
P0026,2025Q1,2024Q1,5,ramp_0.74,data center,Commercial,Inside,Technical Review,150,Q2 2028,,Y,Y,,Y,0.0,0.0,0.0,0.0,0.0,75.0,150.0,150.0,150.0,150.0,150.0,150.0,150.0,150.0,150.0
P0027,2024Q1,2024Q1,1,seed,,,Outside,Technical Review,192,Q2 2030,,Y,Y,,Y,0.0,0.0,0.0,0.0,0.0,0.0,0.0,35.0,70.0,105.0,140.0,175.0,192.0,192.0,192.0
P0027,2024Q2,2024Q1,2,ramp_1.00,data center,Commercial,Multiple Sites,Technical Review,192,Q2 2030,,,,,,0.0,0.0,0.0,0.0,0.0,0.0,0.0,35.0,70.0,105.0,140.0,175.0,192.0,192.0,192.0
P0028,2024Q1,2024Q1,1,seed,,,Inside,Contract for Electric Service,120,Q2 2024,,,,Y,,0.0,60.0,120.0,120.0,120.0,120.0,120.0,120.0,120.0,120.0,120.0,120.0,120.0,120.0,120.0
P0028,2024Q2,2024Q1,2,ramp_1.00,data center,Commercial,Inside,Contract for Electric Service,180,Q4 2025,,Y,Y,,Y,0.0,0.0,2.0,60.0,60.0,120.0,120.0,180.0,180.0,180.0,180.0,180.0,180.0,180.0,180.0
P0028,2024Q3,2024Q1,3,ramp_0.86,data center,Commercial,Inside,Contract for Electric Service,180,Q3 2026,,,Y,,Y,0.0,0.0,0.0,120.0,180.0,180.0,180.0,180.0,180.0,180.0,180.0,180.0,180.0,180.0,180.0
P0028,2024Q4,2024Q1,4,exact,data center,Commercial,Inside,Contract for Electric Service,180,Q3 2026,,,Y,,,0.0,0.0,0.0,120.0,120.0,120.0,120.0,180.0,180.0,180.0,180.0,180.0,180.0,180.0,180.0
P0028,2025Q1,2024Q1,5,exact,data center,Commercial,Inside,Contract for Electric Service,180,Q3 2026,,,Y,,,0.0,0.0,0.0,60.0,120.0,140.0,180.0,180.0,180.0,180.0,180.0,180.0,180.0,180.0,180.0
P0028,2025Q2,2024Q1,6,exact,data center,Commercial,Inside,Contract for Electric Service,180,Q3 2026,,,,,,0.0,0.0,0.0,60.0,120.0,140.0,180.0,180.0,180.0,180.0,180.0,180.0,180.0,180.0,180.0
P0029,2024Q1,2024Q1,1,seed,,,Multiple Sites,Technical Review,135,Q2 2024,Y,,,,,0.0,25.0,25.0,135.0,135.0,135.0,135.0,135.0,135.0,135.0,135.0,135.0,135.0,135.0,135.0
P0029,2024Q2,2024Q1,2,ramp_1.00,other,Industrial,Multiple Sites,Technical Review,135,Q4 2024,,,,,Y,0.0,25.0,25.0,135.0,135.0,135.0,135.0,135.0,135.0,135.0,135.0,135.0,135.0,135.0,135.0
P0030,2024Q1,2024Q1,1,seed,,,Outside,Technical Review,245,Q2 2026,Y,,,,,0.0,0.0,0.0,85.0,85.0,245.0,245.0,245.0,245.0,245.0,245.0,245.0,245.0,245.0,245.0
P0030,2024Q2,2024Q1,2,ramp_1.00,other,Industrial,Multiple Sites,Technical Review,245,Q2 2026,,,,,,0.0,0.0,0.0,85.0,85.0,245.0,245.0,245.0,245.0,245.0,245.0,245.0,245.0,245.0,245.0
P0030,2024Q3,2024Q1,3,ramp_0.99,data center,Commercial,Inside,Technical Review,250,Q4 2026,Y,,,,,0.0,0.0,0.0,10.0,125.0,200.0,250.0,250.0,250.0,250.0,250.0,250.0,250.0,250.0,250.0
P0030,2024Q4,2024Q1,4,exact_noseg,data center,Commercial,Inside,Technical Review,250,Q4 2026,,,,,,0.0,0.0,0.0,10.0,125.0,200.0,250.0,250.0,250.0,250.0,250.0,250.0,250.0,250.0,250.0
P0031,2024Q1,2024Q1,1,seed,,,Multiple Sites,Technical Review,80,Q2 2024,Y,,,,,0.0,5.0,5.0,40.0,40.0,80.0,80.0,80.0,80.0,80.0,80.0,80.0,80.0,80.0,80.0
P0031,2024Q2,2024Q1,2,ramp_1.00,clean energy tech,Industrial,Inside,Technical Review,80,Q4 2024,,,,,Y,0.0,5.0,5.0,40.0,40.0,80.0,80.0,80.0,80.0,80.0,80.0,80.0,80.0,80.0,80.0
P0031,2024Q3,2024Q1,3,exact_noseg,manufacturing,Industrial,Inside,Technical Review,80,Q4 2024,,,,,,0.0,5.0,5.0,40.0,40.0,80.0,80.0,80.0,80.0,80.0,80.0,80.0,80.0,80.0,80.0
P0031,2024Q4,2024Q1,4,ramp_0.80,other,Industrial,Multiple Sites,Technical Review,105,Q4 2025,Y,,,,,0.0,0.0,10.0,25.0,50.0,80.0,80.0,105.0,105.0,105.0,105.0,105.0,105.0,105.0,105.0
P0032,2024Q1,2024Q1,1,seed,,,Multiple Sites,Technical Review,53,Q2 2025,Y,,,,,0.0,0.0,15.0,15.0,53.0,53.0,53.0,53.0,53.0,53.0,53.0,53.0,53.0,53.0,53.0
P0032,2024Q2,2024Q1,2,ramp_1.00,manufacturing,Industrial,Multiple Sites,Technical Review,53,Q4 2025,,,,,Y,0.0,0.0,15.0,15.0,53.0,53.0,53.0,53.0,53.0,53.0,53.0,53.0,53.0,53.0,53.0
P0033,2024Q1,2024Q1,1,seed,,,Inside,Technical Review,500,Q2 2026,,,,,,0.0,0.0,0.0,500.0,500.0,500.0,500.0,500.0,500.0,500.0,500.0,500.0,500.0,500.0,500.0
P0033,2024Q2,2024Q1,2,exact_noseg,data center,Commercial,Inside,Technical Review,500,Q2 2026,Y,,,,,0.0,0.0,0.0,75.0,150.0,250.0,350.0,450.0,500.0,500.0,500.0,500.0,500.0,500.0,500.0
P0033,2024Q3,2024Q1,3,ramp_0.94,data center,Commercial,Inside,Technical Review,455,Q2 2025,,,,,Y,0.0,0.0,5.0,95.0,185.0,275.0,365.0,455.0,455.0,455.0,455.0,455.0,455.0,455.0,455.0
P0033,2024Q4,2024Q1,4,ramp_0.80,data center,Commercial,Inside,Technical Review,597,Q4 2025,,,Y,,Y,0.0,0.0,2.0,10.0,119.0,239.0,358.0,477.0,597.0,597.0,597.0,597.0,597.0,597.0,597.0
P0033,2025Q1,2024Q1,5,exact,data center,Commercial,Inside,Technical Review,597,Q4 2025,,,,,,0.0,0.0,2.0,10.0,119.0,239.0,358.0,477.0,597.0,597.0,597.0,597.0,597.0,597.0,597.0
P0033,2025Q2,2024Q1,6,ramp_0.81,data center,Commercial,Inside,Request for Service,693,Q4 2028,,,Y,,Y,0.0,0.0,0.0,0.0,0.0,400.0,600.0,693.0,693.0,693.0,693.0,693.0,693.0,693.0,693.0
P0033,2025Q3,2024Q1,7,exact,data center,Commercial,Inside,Request for Service,693,Q4 2028,,,,,,0.0,0.0,0.0,0.0,0.0,1.0,50.0,250.0,450.0,650.0,693.0,693.0,693.0,693.0,693.0
P0033,2025Q4,2024Q1,8,exact,data center,Commercial,Inside,Request for Service,693,Q2 2029,,,Y,,Y,,,0.0,0.0,0.0,0.0,1.0,50.0,250.0,450.0,650.0,693.0,693.0,693.0,693.0
P0033,2026Q1,2024Q1,9,ramp_0.80,data center,Commercial,Inside,Technical Review,600,Q4 2027,,,,,,,,,0.0,50.0,250.0,450.0,600.0,600.0,600.0,600.0,600.0,600.0,600.0,600.0
P0034,2024Q1,2024Q1,1,seed,,,Outside,Technical Review,86,Q2 2026,,Y,Y,,Y,0.0,0.0,0.0,13.0,46.0,86.0,86.0,86.0,86.0,86.0,86.0,86.0,86.0,86.0,86.0
P0035,2024Q1,2024Q1,1,seed,,,Multiple Sites,Technical Review,1280,Q2 2029,,,,,,0.0,0.0,0.0,0.0,0.0,0.0,10.0,50.0,1280.0,1280.0,1280.0,1280.0,1280.0,1280.0,1280.0
P0035,2024Q2,2024Q1,2,exact_noseg,manufacturing,Industrial,Multiple Sites,Technical Review,1280,Q2 2029,,,,,,0.0,0.0,0.0,0.0,0.0,0.0,10.0,50.0,1280.0,1280.0,1280.0,1280.0,1280.0,1280.0,1280.0
P0036,2024Q1,2024Q1,1,seed,,,Inside,Technical Review,260,Q2 2026,Y,,,,,0.0,0.0,0.0,60.0,200.0,230.0,260.0,260.0,260.0,260.0,260.0,260.0,260.0,260.0,260.0
P0036,2024Q2,2024Q1,2,exact_noseg,other,Industrial,Inside,Technical Review,115,Q2 2026,,Y,Y,,,0.0,0.0,0.0,48.0,97.0,115.0,115.0,115.0,115.0,115.0,115.0,115.0,115.0,115.0,115.0
P0037,2024Q1,2024Q1,1,seed,,,Inside,Technical Review,50,Q2 2024,Y,,,,,0.0,10.0,10.0,50.0,50.0,50.0,50.0,50.0,50.0,50.0,50.0,50.0,50.0,50.0,50.0
P0038,2024Q1,2024Q1,1,seed,,,Inside,Technical Review,180,Q2 2025,Y,,,,,0.0,0.0,15.0,45.0,90.0,180.0,180.0,180.0,180.0,180.0,180.0,180.0,180.0,180.0,180.0
P0038,2024Q2,2024Q1,2,ramp_1.00,data center,Commercial,Outside,Request for Service,180,Q2 2026,,,Y,,Y,0.0,0.0,0.0,40.0,110.0,175.0,180.0,180.0,180.0,180.0,180.0,180.0,180.0,180.0,180.0
P0038,2024Q3,2024Q1,3,ramp_1.00,data center,Commercial,Outside,Contract for Electric Service,180,Q1 2026,,,,Y,Y,0.0,0.0,0.0,40.0,110.0,175.0,180.0,180.0,180.0,180.0,180.0,180.0,180.0,180.0,180.0
P0038,2024Q4,2024Q1,4,exact,data center,Commercial,Outside,Contract for Electric Service,180,Q1 2026,,,,,,0.0,0.0,0.0,40.0,110.0,175.0,180.0,180.0,180.0,180.0,180.0,180.0,180.0,180.0,180.0
P0038,2025Q1,2024Q1,5,exact,data center,Commercial,Outside,Contract for Electric Service,180,Q1 2026,,,Y,,,0.0,0.0,25.0,180.0,180.0,180.0,180.0,180.0,180.0,180.0,180.0,180.0,180.0,180.0,180.0
P0038,2025Q2,2024Q1,6,exact,data center,Commercial,Outside,Contract for Electric Service,180,Q1 2026,,,,,,0.0,0.0,25.0,180.0,180.0,180.0,180.0,180.0,180.0,180.0,180.0,180.0,180.0,180.0,180.0
P0038,2025Q3,2024Q1,7,exact,data center,Commercial,Outside,Contract for Electric Service,180,Q1 2026,,,,,,0.0,0.0,0.0,40.0,110.0,175.0,180.0,180.0,180.0,180.0,180.0,180.0,180.0,180.0,180.0
P0038,2025Q4,2024Q1,8,exact,data center,Commercial,Outside,Contract for Electric Service,180,Q1 2026,,,,,,,,0.0,40.0,110.0,175.0,180.0,180.0,180.0,180.0,180.0,180.0,180.0,180.0,180.0
P0038,2026Q1,2024Q1,9,exact,data center,Commercial,Outside,Contract for Electric Service,180,Q1 2026,,,,,,,,,40.0,110.0,175.0,180.0,180.0,180.0,180.0,180.0,180.0,180.0,180.0,180.0
P0039,2024Q1,2024Q1,1,seed,,,Multiple Sites,Technical Review,460,Q2 2025,,,,,,0.0,0.0,140.0,300.0,460.0,460.0,460.0,460.0,460.0,460.0,460.0,460.0,460.0,460.0,460.0
P0039,2024Q2,2024Q1,2,ramp_0.96,data center,Commercial,Inside,Technical Review,481,Q4 2025,,Y,Y,,Y,0.0,0.0,14.0,118.0,261.0,404.0,481.0,481.0,481.0,481.0,481.0,481.0,481.0,481.0,481.0
P0039,2024Q3,2024Q1,3,ramp_0.78,data center,Commercial,Inside,Technical Review,648,Q4 2026,Y,,,,,0.0,0.0,0.0,2.0,10.0,216.0,432.0,648.0,648.0,648.0,648.0,648.0,648.0,648.0,648.0
P0039,2024Q4,2024Q1,4,exact,data center,Commercial,Inside,Technical Review,648,Q4 2026,,,,,,0.0,0.0,0.0,2.0,10.0,216.0,432.0,648.0,648.0,648.0,648.0,648.0,648.0,648.0,648.0
P0039,2025Q1,2024Q1,5,exact,data center,Commercial,Inside,Technical Review,648,Q4 2026,,,,,,0.0,0.0,0.0,2.0,10.0,216.0,432.0,648.0,648.0,648.0,648.0,648.0,648.0,648.0,648.0
P0039,2025Q2,2024Q1,6,exact,data center,Commercial,Inside,Technical Review,648,Q4 2026,,,,,,0.0,0.0,0.0,2.0,10.0,216.0,432.0,648.0,648.0,648.0,648.0,648.0,648.0,648.0,648.0
P0039,2025Q3,2024Q1,7,exact_noseg,data center,Commercial,Inside,Technical Review,648,Q4 2026,,,,,,0.0,0.0,0.0,2.0,10.0,216.0,432.0,648.0,648.0,648.0,648.0,648.0,648.0,648.0,648.0
P0039,2025Q4,2024Q1,8,ramp_0.92,data center,Commercial,Inside,Technical Review,780,Q2 2029,,,Y,,Y,,,0.0,0.0,0.0,0.0,6.0,195.0,390.0,585.0,780.0,780.0,780.0,780.0,780.0
P0039,2026Q1,2024Q1,9,ramp_0.91,data center,Commercial,Inside,Technical Review,648,Q4 2027,,,,,,,,,0.0,2.0,10.0,216.0,432.0,648.0,648.0,648.0,648.0,648.0,648.0,648.0
P0040,2024Q1,2024Q1,1,seed,,,Outside,Technical Review,50,Q2 2026,,,,,,0.0,0.0,0.0,50.0,50.0,50.0,50.0,50.0,50.0,50.0,50.0,50.0,50.0,50.0,50.0
P0040,2024Q2,2024Q1,2,exact_noseg,manufacturing,Industrial,Outside,Technical Review,50,Q2 2026,,,,,,0.0,0.0,0.0,50.0,50.0,50.0,50.0,50.0,50.0,50.0,50.0,50.0,50.0,50.0,50.0
P0040,2024Q3,2024Q1,3,ramp_1.00,manufacturing,Industrial,Outside,Technical Review,50,Q1 2026,,,,,Y,0.0,0.0,0.0,50.0,50.0,50.0,50.0,50.0,50.0,50.0,50.0,50.0,50.0,50.0,50.0
P0040,2024Q4,2024Q1,4,exact,manufacturing,Industrial,Outside,Technical Review,50,Q1 2026,,,,,,0.0,0.0,0.0,50.0,50.0,50.0,50.0,50.0,50.0,50.0,50.0,50.0,50.0,50.0,50.0
P0040,2025Q1,2024Q1,5,ramp_1.00,manufacturing,Industrial,Outside,Technical Review,50,Q4 2026,,,,,Y,0.0,0.0,0.0,50.0,50.0,50.0,50.0,50.0,50.0,50.0,50.0,50.0,50.0,50.0,50.0
P0041,2024Q1,2024Q1,1,seed,,,Inside,Technical Review,216,Q2 2026,Y,,,,,0.0,0.0,0.0,36.0,108.0,180.0,216.0,216.0,216.0,216.0,216.0,216.0,216.0,216.0,216.0
P0041,2024Q2,2024Q1,2,exact_noseg,data center,Commercial,Inside,Contract for Electric Service,216,Q2 2026,,,Y,Y,Y,0.0,0.0,0.0,30.0,90.0,150.0,216.0,216.0,216.0,216.0,216.0,216.0,216.0,216.0,216.0
P0041,2024Q3,2024Q1,3,ramp_1.00,data center,Commercial,Inside,Contract for Electric Service,216,Q3 2025,,,Y,,Y,0.0,0.0,6.0,30.0,90.0,150.0,216.0,216.0,216.0,216.0,216.0,216.0,216.0,216.0,216.0
P0041,2024Q4,2024Q1,4,exact,data center,Commercial,Inside,Contract for Electric Service,216,Q3 2025,,,,,,0.0,0.0,6.0,30.0,90.0,150.0,216.0,216.0,216.0,216.0,216.0,216.0,216.0,216.0,216.0
P0041,2025Q1,2024Q1,5,exact,data center,Commercial,Inside,Contract for Electric Service,216,Q3 2025,,,Y,,,0.0,0.0,6.0,30.0,216.0,216.0,216.0,216.0,216.0,216.0,216.0,216.0,216.0,216.0,216.0
P0041,2025Q2,2024Q1,6,exact,data center,Commercial,Inside,Contract for Electric Service,216,Q3 2025,,,,,,0.0,0.0,6.0,30.0,216.0,216.0,216.0,216.0,216.0,216.0,216.0,216.0,216.0,216.0,216.0
P0041,2025Q3,2024Q1,7,exact,data center,Commercial,Inside,Contract for Electric Service,216,Q3 2025,,,,,,0.0,0.0,0.0,12.0,216.0,216.0,216.0,216.0,216.0,216.0,216.0,216.0,216.0,216.0,216.0
P0041,2025Q4,2024Q1,8,exact,data center,Commercial,Inside,Contract for Electric Service,216,Q3 2025,,,,,,,,0.0,12.0,216.0,216.0,216.0,216.0,216.0,216.0,216.0,216.0,216.0,216.0,216.0
P0041,2026Q1,2024Q1,9,exact,data center,Commercial,Inside,Contract for Electric Service,216,Q3 2025,,,Y,,,,,,90.0,216.0,216.0,216.0,216.0,216.0,216.0,216.0,216.0,216.0,216.0,216.0
P0042,2024Q1,2024Q1,1,seed,,,Inside,Technical Review,100,Q2 2025,,,,,Y,0.0,0.0,100.0,100.0,100.0,100.0,100.0,100.0,100.0,100.0,100.0,100.0,100.0,100.0,100.0
P0043,2024Q1,2024Q1,1,seed,,,Outside,Technical Review,700,Q2 2026,,,,,Y,0.0,0.0,0.0,350.0,350.0,350.0,350.0,700.0,700.0,700.0,700.0,700.0,700.0,700.0,700.0
P0044,2024Q1,2024Q1,1,seed,,,Inside,Technical Review,552,Q3 2025,Y,,,,,0.0,0.0,5.0,5.0,5.0,540.0,552.0,552.0,552.0,552.0,552.0,552.0,552.0,552.0,552.0
P0044,2024Q2,2024Q1,2,exact_noseg,clean energy tech,Industrial,Inside,Technical Review,717,Q3 2025,,Y,Y,,,0.0,0.0,5.0,5.0,5.0,540.0,717.0,717.0,717.0,717.0,717.0,717.0,717.0,717.0,717.0
P0044,2024Q3,2024Q1,3,exact,clean energy tech,Industrial,Inside,Technical Review,717,Q3 2025,,,,,,0.0,0.0,5.0,5.0,5.0,540.0,717.0,717.0,717.0,717.0,717.0,717.0,717.0,717.0,717.0
P0045,2024Q1,2024Q1,1,seed,,,Outside,Request for Service,78,Q2 2025,,Y,Y,,,0.0,0.0,27.0,52.0,52.0,78.0,78.0,78.0,78.0,78.0,78.0,78.0,78.0,78.0,78.0
P0045,2024Q2,2024Q1,2,exact_noseg,manufacturing,Industrial,Outside,Request for Service,79,Q2 2025,,Y,Y,,,0.0,0.0,26.0,47.0,47.0,64.0,64.0,64.0,79.0,79.0,79.0,79.0,79.0,79.0,79.0
P0045,2024Q3,2024Q1,3,ramp_0.89,other,Industrial,Inside,Technical Review,65,Q1 2025,Y,,,,,0.0,0.0,1.0,65.0,65.0,65.0,65.0,65.0,65.0,65.0,65.0,65.0,65.0,65.0,65.0
P0045,2024Q4,2024Q1,4,ramp_1.00,other,Industrial,Inside,Technical Review,65,Q4 2025,,,,,Y,0.0,0.0,1.0,65.0,65.0,65.0,65.0,65.0,65.0,65.0,65.0,65.0,65.0,65.0,65.0
P0046,2024Q1,2024Q1,1,seed,,,Inside,Request for Service,90,Q2 2024,,Y,Y,Y,Y,0.0,61.0,90.0,90.0,90.0,90.0,90.0,90.0,90.0,90.0,90.0,90.0,90.0,90.0,90.0
P0046,2024Q2,2024Q1,2,ramp_1.00,clean energy tech,Industrial,Inside,Request for Service,90,Q3 2024,,,,,Y,0.0,61.0,90.0,90.0,90.0,90.0,90.0,90.0,90.0,90.0,90.0,90.0,90.0,90.0,90.0
P0046,2024Q3,2024Q1,3,exact,clean energy tech,Industrial,Inside,Request for Service,90,Q1 2024,,,,,Y,0.0,61.0,90.0,90.0,90.0,90.0,90.0,90.0,90.0,90.0,90.0,90.0,90.0,90.0,90.0
P0046,2024Q4,2024Q1,4,exact,clean energy tech,Industrial,Inside,Request for Service,90,Q1 2024,,,,,,0.0,61.0,90.0,90.0,90.0,90.0,90.0,90.0,90.0,90.0,90.0,90.0,90.0,90.0,90.0
P0046,2025Q1,2024Q1,5,exact,clean energy tech,Industrial,Inside,Request for Service,90,Q1 2024,,,,,,0.0,61.0,90.0,90.0,90.0,90.0,90.0,90.0,90.0,90.0,90.0,90.0,90.0,90.0,90.0
P0046,2025Q2,2024Q1,6,exact,clean energy tech,Industrial,Inside,Contract for Electric Service,90,Q1 2024,,,,Y,,0.0,61.0,90.0,90.0,90.0,90.0,90.0,90.0,90.0,90.0,90.0,90.0,90.0,90.0,90.0
P0046,2025Q3,2024Q1,7,exact,clean energy tech,Industrial,Inside,Contract for Electric Service,90,Q1 2024,,,,,,0.0,61.0,90.0,90.0,90.0,90.0,90.0,90.0,90.0,90.0,90.0,90.0,90.0,90.0,90.0
P0046,2025Q4,2024Q1,8,ramp_0.77,clean energy tech,Industrial,Inside,Contract for Electric Service,126,Q4 2025,,,,,,,,71.0,87.0,95.0,106.0,115.0,126.0,126.0,126.0,126.0,126.0,126.0,126.0,126.0
P0046,2026Q1,2024Q1,9,exact,clean energy tech,Industrial,Inside,Contract for Electric Service,126,Q4 2025,,,,,,,,,87.0,95.0,106.0,115.0,126.0,126.0,126.0,126.0,126.0,126.0,126.0,126.0
P0047,2024Q1,2024Q1,1,seed,,,Inside,Technical Review,432,Q2 2026,Y,,,,,0.0,0.0,0.0,72.0,216.0,288.0,360.0,432.0,432.0,432.0,432.0,432.0,432.0,432.0,432.0
P0047,2024Q2,2024Q1,2,ramp_0.72,data center,Commercial,Inside,Technical Review,500,Q2 2027,,,Y,,Y,0.0,0.0,0.0,0.0,500.0,500.0,500.0,500.0,500.0,500.0,500.0,500.0,500.0,500.0,500.0
P0047,2024Q3,2024Q1,3,ramp_0.88,data center,Commercial,Inside,Technical Review,600,Q2 2026,Y,,,,,0.0,0.0,0.0,1.0,10.0,200.0,400.0,600.0,600.0,600.0,600.0,600.0,600.0,600.0,600.0
P0047,2024Q4,2024Q1,4,exact,data center,Commercial,Inside,Technical Review,600,Q2 2026,,,,,,0.0,0.0,0.0,1.0,10.0,200.0,400.0,600.0,600.0,600.0,600.0,600.0,600.0,600.0,600.0
P0047,2025Q1,2024Q1,5,ramp_0.80,data center,Commercial,Inside,Technical Review,780,Q4 2026,,Y,Y,,Y,0.0,0.0,0.0,2.0,6.0,195.0,390.0,585.0,780.0,780.0,780.0,780.0,780.0,780.0,780.0
P0047,2025Q2,2024Q1,6,exact,data center,Commercial,Inside,Technical Review,780,Q4 2026,,,,,,0.0,0.0,0.0,2.0,6.0,195.0,390.0,585.0,780.0,780.0,780.0,780.0,780.0,780.0,780.0
P0047,2025Q3,2024Q1,7,exact,data center,Commercial,Inside,Technical Review,780,Q4 2026,,,,,,0.0,0.0,0.0,2.0,6.0,195.0,390.0,585.0,780.0,780.0,780.0,780.0,780.0,780.0,780.0
P0047,2025Q4,2024Q1,8,ramp_0.84,data center,Commercial,Inside,Technical Review,910,Q4 2027,,,Y,,Y,,,0.0,0.0,100.0,370.0,550.0,730.0,910.0,910.0,910.0,910.0,910.0,910.0,910.0
P0047,2026Q1,2024Q1,9,ramp_0.82,data center,Commercial,Inside,Technical Review,1200,Q4 2027,,,,,,,,,0.0,100.0,300.0,450.0,650.0,850.0,1050.0,1200.0,1200.0,1200.0,1200.0,1200.0
P0048,2024Q1,2024Q1,1,seed,,,Outside,Contract for Electric Service,1492,Q2 2024,,Y,Y,,Y,0.0,65.0,321.0,578.0,677.0,740.0,812.0,884.0,956.0,1028.0,1100.0,1172.0,1239.0,1271.0,1492.0
P0048,2024Q2,2024Q1,2,exact_noseg,data center,Commercial,Outside,Contract for Electric Service,1429,Q2 2024,,Y,Y,,,0.0,81.0,400.0,768.0,975.0,1054.0,1429.0,1429.0,1429.0,1429.0,1429.0,1429.0,1429.0,1429.0,1429.0
P0048,2024Q3,2024Q1,3,exact,data center,Commercial,Outside,Contract for Electric Service,1429,Q2 2024,,,,,,0.0,81.0,400.0,768.0,975.0,1054.0,1429.0,1429.0,1429.0,1429.0,1429.0,1429.0,1429.0,1429.0,1429.0
P0048,2024Q4,2024Q1,4,exact,data center,Commercial,Outside,Contract for Electric Service,1429,Q2 2024,,,,,,0.0,81.0,400.0,768.0,975.0,1054.0,1429.0,1429.0,1429.0,1429.0,1429.0,1429.0,1429.0,1429.0,1429.0
P0048,2025Q1,2024Q1,5,exact,data center,Commercial,Outside,Contract for Electric Service,1429,Q2 2024,,,Y,,,0.0,81.0,400.0,768.0,1146.0,1290.0,1429.0,1429.0,1429.0,1429.0,1429.0,1429.0,1429.0,1429.0,1429.0
P0048,2025Q2,2024Q1,6,exact,data center,Commercial,Outside,Contract for Electric Service,1429,Q2 2024,,,,,,0.0,81.0,400.0,768.0,1146.0,1290.0,1429.0,1429.0,1429.0,1429.0,1429.0,1429.0,1429.0,1429.0,1429.0
P0048,2025Q3,2024Q1,7,exact,data center,Commercial,Outside,Contract for Electric Service,1429,Q2 2024,,,Y,,,0.0,81.0,400.0,768.0,1146.0,1290.0,1429.0,1429.0,1429.0,1429.0,1429.0,1429.0,1429.0,1429.0,1429.0
P0048,2025Q4,2024Q1,8,exact,data center,Commercial,Outside,Contract for Electric Service,1429,Q2 2024,,,,,,,,400.0,768.0,1146.0,1290.0,1429.0,1429.0,1429.0,1429.0,1429.0,1429.0,1429.0,1429.0,1429.0
P0048,2026Q1,2024Q1,9,exact,data center,Commercial,Outside,Contract for Electric Service,1429,Q2 2024,,,,,,,,,768.0,1146.0,1290.0,1429.0,1429.0,1429.0,1429.0,1429.0,1429.0,1429.0,1429.0,1429.0
P0049,2024Q1,2024Q1,1,seed,,,Outside,Technical Review,115,Q2 2025,Y,,,,,0.0,0.0,22.0,30.0,90.0,95.0,115.0,115.0,115.0,115.0,115.0,115.0,115.0,115.0,115.0
P0049,2024Q2,2024Q1,2,ramp_0.75,data center,Commercial,Inside,Technical Review,151,Q2 2027,Y,,,,,0.0,0.0,0.0,0.0,126.0,151.0,151.0,151.0,151.0,151.0,151.0,151.0,151.0,151.0,151.0
P0049,2024Q3,2024Q1,3,ramp_0.93,data center,Commercial,Inside,Technical Review,151,Q2 2028,,,Y,,Y,0.0,0.0,0.0,0.0,0.0,151.0,151.0,151.0,151.0,151.0,151.0,151.0,151.0,151.0,151.0
P0049,2024Q4,2024Q1,4,exact,data center,Commercial,Inside,Technical Review,151,Q2 2028,,,,,,0.0,0.0,0.0,0.0,0.0,151.0,151.0,151.0,151.0,151.0,151.0,151.0,151.0,151.0,151.0
P0049,2025Q1,2024Q1,5,exact,data center,Commercial,Inside,Technical Review,151,Q2 2028,,,,,,0.0,0.0,0.0,0.0,0.0,151.0,151.0,151.0,151.0,151.0,151.0,151.0,151.0,151.0,151.0
P0050,2024Q1,2024Q1,1,seed,,,Inside,Contract for Electric Service,126,Q3 2023,,,,Y,Y,10.0,50.0,73.0,87.0,95.0,106.0,115.0,126.0,126.0,126.0,126.0,126.0,126.0,126.0,126.0
P0050,2024Q2,2024Q1,2,exact_noseg,clean energy tech,Industrial,Inside,Contract for Electric Service,126,Q3 2023,,,,,,10.0,50.0,73.0,87.0,95.0,106.0,115.0,126.0,126.0,126.0,126.0,126.0,126.0,126.0,126.0
P0050,2024Q3,2024Q1,3,exact,clean energy tech,Industrial,Inside,Contract for Electric Service,126,Q2 2023,,,Y,,Y,10.0,24.0,71.0,87.0,95.0,106.0,115.0,126.0,126.0,126.0,126.0,126.0,126.0,126.0,126.0
P0050,2024Q4,2024Q1,4,exact,clean energy tech,Industrial,Inside,Contract for Electric Service,126,Q2 2023,,,,,,10.0,24.0,71.0,87.0,95.0,106.0,115.0,126.0,126.0,126.0,126.0,126.0,126.0,126.0,126.0
P0050,2025Q1,2024Q1,5,exact,clean energy tech,Industrial,Inside,Contract for Electric Service,126,Q2 2023,,,,,,10.0,24.0,71.0,87.0,95.0,106.0,115.0,126.0,126.0,126.0,126.0,126.0,126.0,126.0,126.0
P0050,2025Q2,2024Q1,6,exact,clean energy tech,Industrial,Inside,Contract for Electric Service,126,Q2 2023,,,,,,10.0,24.0,71.0,87.0,95.0,106.0,115.0,126.0,126.0,126.0,126.0,126.0,126.0,126.0,126.0
P0050,2025Q3,2024Q1,7,exact,clean energy tech,Industrial,Inside,Contract for Electric Service,126,Q2 2023,,,,,,10.0,24.0,71.0,87.0,95.0,106.0,115.0,126.0,126.0,126.0,126.0,126.0,126.0,126.0,126.0
P0050,2025Q4,2024Q1,8,ramp_0.77,data center,Commercial,Inside,Contract for Electric Service,150,Q4 2024,,,,,,,,140.0,150.0,150.0,150.0,150.0,150.0,150.0,150.0,150.0,150.0,150.0,150.0,150.0
P0050,2026Q1,2024Q1,9,exact,data center,Commercial,Inside,Contract for Electric Service,150,Q4 2024,,,,,,,,,150.0,150.0,150.0,150.0,150.0,150.0,150.0,150.0,150.0,150.0,150.0,150.0
P0051,2024Q1,2024Q1,1,seed,,,Inside,Technical Review,49,Q2 2026,Y,,,,,0.0,0.0,0.0,12.0,12.0,49.0,49.0,49.0,49.0,49.0,49.0,49.0,49.0,49.0,49.0
P0051,2024Q2,2024Q1,2,exact_noseg,other,Industrial,Inside,Technical Review,49,Q2 2026,,,,,,0.0,0.0,0.0,12.0,12.0,49.0,49.0,49.0,49.0,49.0,49.0,49.0,49.0,49.0,49.0
P0051,2024Q3,2024Q1,3,ramp_0.99,manufacturing,Industrial,Inside,Technical Review,49,Q2 2027,,,Y,,Y,0.0,0.0,0.0,0.0,12.0,49.0,49.0,49.0,49.0,49.0,49.0,49.0,49.0,49.0,49.0
P0051,2024Q4,2024Q1,4,exact,manufacturing,Industrial,Inside,Technical Review,49,Q2 2027,,,,,,0.0,0.0,0.0,0.0,12.0,49.0,49.0,49.0,49.0,49.0,49.0,49.0,49.0,49.0,49.0
P0051,2025Q1,2024Q1,5,exact,manufacturing,Industrial,Inside,Technical Review,49,Q2 2027,,,,,,0.0,0.0,0.0,0.0,12.0,49.0,49.0,49.0,49.0,49.0,49.0,49.0,49.0,49.0,49.0
P0051,2025Q2,2024Q1,6,exact,manufacturing,Industrial,Inside,Technical Review,49,Q2 2027,,,,,,0.0,0.0,0.0,0.0,12.0,49.0,49.0,49.0,49.0,49.0,49.0,49.0,49.0,49.0,49.0
P0051,2025Q3,2024Q1,7,exact,manufacturing,Industrial,Inside,Technical Review,49,Q2 2027,,,,,,0.0,0.0,0.0,0.0,12.0,49.0,49.0,49.0,49.0,49.0,49.0,49.0,49.0,49.0,49.0
P0052,2024Q1,2024Q1,1,seed,,,Inside,Technical Review,650,Q2 2026,Y,,,,,0.0,0.0,0.0,120.0,191.0,247.0,303.0,359.0,415.0,471.0,527.0,583.0,650.0,650.0,650.0
P0052,2024Q2,2024Q1,2,exact_noseg,data center,Commercial,Inside,Technical Review,650,Q2 2026,,,,,,0.0,0.0,0.0,120.0,191.0,247.0,303.0,359.0,415.0,471.0,527.0,583.0,650.0,650.0,650.0
P0052,2024Q3,2024Q1,3,ramp_0.96,data center,Commercial,Inside,Technical Review,651,Q1 2027,,,,,Y,0.0,0.0,0.0,0.0,74.0,149.0,223.0,307.0,419.0,530.0,642.0,651.0,651.0,651.0,651.0
P0052,2024Q4,2024Q1,4,exact,data center,Commercial,Inside,Technical Review,651,Q1 2027,,,,,,0.0,0.0,0.0,0.0,74.0,149.0,223.0,307.0,419.0,530.0,642.0,651.0,651.0,651.0,651.0
P0052,2025Q1,2024Q1,5,ramp_0.75,data center,Commercial,Inside,Technical Review,750,Q2 2027,,,,,Y,0.0,0.0,0.0,0.0,250.0,350.0,450.0,600.0,750.0,750.0,750.0,750.0,750.0,750.0,750.0
P0052,2025Q2,2024Q1,6,ramp_0.78,data center,Commercial,Inside,Technical Review,910,Q4 2026,,,,,,0.0,0.0,0.0,100.0,370.0,550.0,730.0,910.0,910.0,910.0,910.0,910.0,910.0,910.0,910.0
P0052,2025Q3,2024Q1,7,ramp_1.00,data center,Commercial,Inside,Technical Review,910,Q4 2026,,,,,,0.0,0.0,0.0,100.0,370.0,550.0,730.0,910.0,910.0,910.0,910.0,910.0,910.0,910.0,910.0
P0052,2025Q4,2024Q1,8,ramp_0.86,data center,Commercial,Inside,Technical Review,1200,Q4 2027,,Y,Y,,Y,,,0.0,0.0,150.0,200.0,400.0,600.0,800.0,1000.0,1200.0,1200.0,1200.0,1200.0,1200.0
P0052,2026Q1,2024Q1,9,ramp_0.90,data center,Commercial,Outside,Technical Review,1200,Q2 2028,Y,,,,,,,,0.0,0.0,300.0,600.0,900.0,1200.0,1200.0,1200.0,1200.0,1200.0,1200.0,1200.0
P0053,2024Q1,2024Q1,1,seed,,,Inside,Request for Service,432,Q2 2026,,,,Y,,0.0,0.0,0.0,108.0,216.0,324.0,432.0,432.0,432.0,432.0,432.0,432.0,432.0,432.0,432.0
P0053,2024Q2,2024Q1,2,ramp_0.93,data center,Commercial,Inside,Technical Review,455,Q4 2025,Y,,,,,0.0,0.0,5.0,95.0,185.0,275.0,365.0,455.0,455.0,455.0,455.0,455.0,455.0,455.0,455.0
P0053,2024Q3,2024Q1,3,ramp_0.97,data center,Commercial,Inside,Technical Review,480,Q4 2026,Y,,,,,0.0,0.0,0.0,10.0,143.0,244.0,345.0,447.0,480.0,480.0,480.0,480.0,480.0,480.0,480.0
P0053,2024Q4,2024Q1,4,exact,data center,Commercial,Inside,Technical Review,480,Q4 2026,,,,,,0.0,0.0,0.0,10.0,143.0,244.0,345.0,447.0,480.0,480.0,480.0,480.0,480.0,480.0,480.0
P0053,2025Q1,2024Q1,5,exact,data center,Commercial,Inside,Technical Review,480,Q4 2026,,,,,,0.0,0.0,0.0,10.0,143.0,244.0,345.0,447.0,480.0,480.0,480.0,480.0,480.0,480.0,480.0
P0053,2025Q2,2024Q1,6,exact,data center,Commercial,Inside,Technical Review,480,Q4 2026,,,,,,0.0,0.0,0.0,10.0,143.0,244.0,345.0,447.0,480.0,480.0,480.0,480.0,480.0,480.0,480.0
P0053,2025Q3,2024Q1,7,ramp_0.90,data center,Commercial,Inside,Technical Review,500,Q4 2026,,,,,,0.0,0.0,0.0,200.0,250.0,350.0,450.0,500.0,500.0,500.0,500.0,500.0,500.0,500.0,500.0
P0053,2025Q4,2024Q1,8,ramp_0.86,data center,Commercial,Inside,Technical Review,600,Q4 2027,Y,,,,,,,0.0,0.0,5.0,204.2,454.2,600.0,600.0,600.0,600.0,600.0,600.0,600.0,600.0
P0054,2024Q1,2024Q1,1,seed,,,Outside,Request for Service,240,Q2 2025,,Y,Y,,Y,0.0,0.0,20.0,180.0,240.0,240.0,240.0,240.0,240.0,240.0,240.0,240.0,240.0,240.0,240.0
P0054,2024Q2,2024Q1,2,exact_noseg,data center,Commercial,Outside,Request for Service,240,Q2 2025,,,Y,,,0.0,0.0,15.0,155.0,240.0,240.0,240.0,240.0,240.0,240.0,240.0,240.0,240.0,240.0,240.0
P0054,2024Q3,2024Q1,3,ramp_0.94,other,Industrial,Multiple Sites,Technical Review,245,Q3 2026,,,,,Y,0.0,0.0,0.0,85.0,85.0,245.0,245.0,245.0,245.0,245.0,245.0,245.0,245.0,245.0,245.0
P0054,2024Q4,2024Q1,4,exact,other,Industrial,Multiple Sites,Technical Review,245,Q3 2026,,,,,,0.0,0.0,0.0,85.0,85.0,245.0,245.0,245.0,245.0,245.0,245.0,245.0,245.0,245.0,245.0
P0054,2025Q1,2024Q1,5,ramp_0.80,other,Commercial,Inside,Technical Review,300,Q4 2026,,,,,Y,0.0,0.0,0.0,100.0,200.0,300.0,300.0,300.0,300.0,300.0,300.0,300.0,300.0,300.0,300.0
P0054,2025Q2,2024Q1,6,exact,other,Commercial,Inside,Technical Review,300,Q4 2026,,,,,,0.0,0.0,0.0,100.0,200.0,300.0,300.0,300.0,300.0,300.0,300.0,300.0,300.0,300.0,300.0
P0055,2024Q1,2024Q1,1,seed,,,Inside,Request for Service,150,Q2 2026,Y,,,,,0.0,0.0,0.0,75.0,150.0,150.0,150.0,150.0,150.0,150.0,150.0,150.0,150.0,150.0,150.0
P0055,2024Q2,2024Q1,2,ramp_0.89,data center,Commercial,Multiple Sites,Technical Review,250,Q2 2026,Y,,,,,0.0,0.0,0.0,125.0,250.0,250.0,250.0,250.0,250.0,250.0,250.0,250.0,250.0,250.0,250.0
P0055,2024Q3,2024Q1,3,ramp_1.00,data center,Commercial,Inside,Technical Review,250,Q4 2026,,,,,Y,0.0,0.0,0.0,125.0,250.0,250.0,250.0,250.0,250.0,250.0,250.0,250.0,250.0,250.0,250.0
P0055,2024Q4,2024Q1,4,exact_noseg,data center,Commercial,Inside,Technical Review,250,Q4 2026,,,,,,0.0,0.0,0.0,125.0,250.0,250.0,250.0,250.0,250.0,250.0,250.0,250.0,250.0,250.0,250.0
P0055,2025Q1,2024Q1,5,exact_noseg,data center,Commercial,Inside,Technical Review,250,Q4 2026,,,,,,0.0,0.0,0.0,75.0,150.0,200.0,250.0,250.0,250.0,250.0,250.0,250.0,250.0,250.0,250.0
P0055,2025Q2,2024Q1,6,ramp_1.00,data center,Commercial,Inside,Technical Review,250,Q4 2026,,,,,,0.0,0.0,0.0,75.0,150.0,200.0,250.0,250.0,250.0,250.0,250.0,250.0,250.0,250.0,250.0
P0056,2024Q1,2024Q1,1,seed,,,Inside,Technical Review,600,Q2 2027,Y,,,,,0.0,0.0,0.0,0.0,150.0,300.0,600.0,600.0,600.0,600.0,600.0,600.0,600.0,600.0,600.0
P0056,2024Q2,2024Q1,2,exact_noseg,data center,Commercial,Inside,Technical Review,600,Q2 2027,,,,,,0.0,0.0,0.0,0.0,150.0,300.0,600.0,600.0,600.0,600.0,600.0,600.0,600.0,600.0,600.0
P0056,2024Q3,2024Q1,3,exact,data center,Commercial,Inside,Technical Review,600,Q2 2027,,,,,,0.0,0.0,0.0,0.0,150.0,300.0,600.0,600.0,600.0,600.0,600.0,600.0,600.0,600.0,600.0
P0056,2024Q4,2024Q1,4,exact,data center,Commercial,Inside,Technical Review,600,Q2 2027,,,,,,0.0,0.0,0.0,0.0,150.0,300.0,600.0,600.0,600.0,600.0,600.0,600.0,600.0,600.0,600.0
P0056,2025Q1,2024Q1,5,exact,data center,Commercial,Inside,Technical Review,600,Q2 2027,,,,,,0.0,0.0,0.0,0.0,150.0,300.0,600.0,600.0,600.0,600.0,600.0,600.0,600.0,600.0,600.0
P0056,2025Q2,2024Q1,6,exact,data center,Commercial,Inside,Technical Review,600,Q2 2027,,,,,,0.0,0.0,0.0,0.0,150.0,300.0,600.0,600.0,600.0,600.0,600.0,600.0,600.0,600.0,600.0
P0056,2025Q3,2024Q1,7,exact,data center,Commercial,Inside,Technical Review,600,Q2 2027,,Y,Y,Y,,0.0,0.0,0.0,0.0,50.0,250.0,450.0,600.0,600.0,600.0,600.0,600.0,600.0,600.0,600.0
P0057,2024Q1,2024Q1,1,seed,,,Inside,Contract for Electric Service,324,Q2 2026,,,,Y,,0.0,0.0,0.0,94.0,159.0,213.0,256.0,292.0,313.0,324.0,324.0,324.0,324.0,324.0,324.0
P0057,2024Q2,2024Q1,2,exact_noseg,data center,Commercial,Inside,Contract for Electric Service,324,Q2 2026,,,Y,,,0.0,0.0,0.0,94.0,159.0,213.0,256.0,324.0,324.0,324.0,324.0,324.0,324.0,324.0,324.0
P0057,2024Q3,2024Q1,3,exact,data center,Commercial,Inside,Contract for Electric Service,324,Q2 2026,,,,,,0.0,0.0,0.0,94.0,159.0,213.0,256.0,324.0,324.0,324.0,324.0,324.0,324.0,324.0,324.0
P0057,2024Q4,2024Q1,4,exact,data center,Commercial,Inside,Contract for Electric Service,324,Q2 2026,,,,,,0.0,0.0,0.0,94.0,159.0,213.0,256.0,324.0,324.0,324.0,324.0,324.0,324.0,324.0,324.0
P0057,2025Q1,2024Q1,5,exact,data center,Commercial,Inside,Contract for Electric Service,324,Q2 2026,,,,,,0.0,0.0,0.0,94.0,159.0,213.0,256.0,324.0,324.0,324.0,324.0,324.0,324.0,324.0,324.0
P0057,2025Q2,2024Q1,6,exact,data center,Commercial,Inside,Contract for Electric Service,324,Q2 2026,,,,,,0.0,0.0,0.0,94.0,159.0,213.0,256.0,324.0,324.0,324.0,324.0,324.0,324.0,324.0,324.0
P0057,2025Q3,2024Q1,7,exact,data center,Commercial,Inside,Contract for Electric Service,324,Q2 2026,,,,,,0.0,0.0,0.0,94.0,159.0,213.0,256.0,324.0,324.0,324.0,324.0,324.0,324.0,324.0,324.0
P0057,2025Q4,2024Q1,8,exact,data center,Commercial,Inside,Contract for Electric Service,324,Q2 2026,,,,,,,,0.0,94.0,159.0,213.0,256.0,324.0,324.0,324.0,324.0,324.0,324.0,324.0,324.0
P0057,2026Q1,2024Q1,9,exact,data center,Commercial,Inside,Contract for Electric Service,324,Q2 2026,,,,,,,,,94.0,159.0,213.0,256.0,324.0,324.0,324.0,324.0,324.0,324.0,324.0,324.0
P0058,2024Q1,2024Q1,1,seed,,,Inside,Request for Service,200,Q2 2027,Y,,,,,0.0,0.0,0.0,0.0,100.0,200.0,200.0,200.0,200.0,200.0,200.0,200.0,200.0,200.0,200.0
P0058,2024Q2,2024Q1,2,ramp_0.86,data center,Commercial,Inside,Technical Review,311,Q4 2024,,,,,Y,0.0,2.0,10.0,104.0,208.0,311.0,311.0,311.0,311.0,311.0,311.0,311.0,311.0,311.0,311.0
P0058,2024Q3,2024Q1,3,ramp_0.96,data center,Commercial,Inside,Technical Review,300,Q3 2026,,,,,Y,0.0,0.0,0.0,100.0,200.0,300.0,300.0,300.0,300.0,300.0,300.0,300.0,300.0,300.0,300.0
P0059,2024Q1,2024Q1,1,seed,,,Inside,Contract for Electric Service,150,Q2 2024,,Y,Y,Y,,0.0,20.0,140.0,150.0,150.0,150.0,150.0,150.0,150.0,150.0,150.0,150.0,150.0,150.0,150.0
P0059,2024Q2,2024Q1,2,exact_noseg,data center,Commercial,Inside,Contract for Electric Service,150,Q2 2024,,,,,,0.0,20.0,140.0,150.0,150.0,150.0,150.0,150.0,150.0,150.0,150.0,150.0,150.0,150.0,150.0
P0059,2024Q3,2024Q1,3,ramp_0.76,manufacturing,Industrial,Inside,Technical Review,146,Q4 2027,,Y,Y,,Y,0.0,0.0,0.0,0.0,74.0,74.0,146.0,146.0,146.0,146.0,146.0,146.0,146.0,146.0,146.0
P0059,2024Q4,2024Q1,4,exact,manufacturing,Industrial,Inside,Technical Review,146,Q4 2027,,,,,,0.0,0.0,0.0,0.0,74.0,74.0,146.0,146.0,146.0,146.0,146.0,146.0,146.0,146.0,146.0
P0059,2025Q1,2024Q1,5,exact,manufacturing,Industrial,Inside,Technical Review,146,Q4 2027,,,,,,0.0,0.0,0.0,0.0,74.0,74.0,146.0,146.0,146.0,146.0,146.0,146.0,146.0,146.0,146.0
P0059,2025Q2,2024Q1,6,exact,manufacturing,Industrial,Inside,Technical Review,146,Q4 2027,,,,,,0.0,0.0,0.0,0.0,74.0,74.0,146.0,146.0,146.0,146.0,146.0,146.0,146.0,146.0,146.0
P0059,2025Q3,2024Q1,7,exact,manufacturing,Industrial,Inside,Technical Review,146,Q4 2027,Y,,,,,0.0,0.0,0.0,0.0,74.0,74.0,146.0,146.0,146.0,146.0,146.0,146.0,146.0,146.0,146.0
P0060,2024Q1,2024Q1,1,seed,,,Inside,Technical Review,533,Q1 2024,Y,,,,,0.0,2.0,10.0,107.0,213.0,320.0,427.0,533.0,533.0,533.0,533.0,533.0,533.0,533.0,533.0
P0060,2024Q2,2024Q1,2,exact_noseg,data center,Commercial,Inside,Technical Review,533,Q2 2026,,,Y,,Y,0.0,0.0,0.0,10.0,107.0,213.0,320.0,427.0,533.0,533.0,533.0,533.0,533.0,533.0,533.0
P0060,2024Q3,2024Q1,3,ramp_0.96,data center,Commercial,Inside,Technical Review,567,Q2 2025,Y,,,,,0.0,0.0,2.0,81.0,162.0,243.0,324.0,405.0,486.0,567.0,567.0,567.0,567.0,567.0,567.0
P0060,2024Q4,2024Q1,4,ramp_0.89,data center,Commercial,Inside,Technical Review,600,Q1 2026,,,,,,0.0,0.0,0.0,10.0,163.0,294.0,425.0,557.0,600.0,600.0,600.0,600.0,600.0,600.0,600.0
P0060,2025Q1,2024Q1,5,ramp_0.79,data center,Commercial,Inside,Technical Review,800,Q4 2026,Y,,,,,0.0,0.0,0.0,1.0,100.0,250.0,400.0,550.0,700.0,800.0,800.0,800.0,800.0,800.0,800.0
P0060,2025Q2,2024Q1,6,exact,data center,Commercial,Inside,Technical Review,800,Q4 2026,,,,,,0.0,0.0,0.0,1.0,100.0,250.0,400.0,550.0,700.0,800.0,800.0,800.0,800.0,800.0,800.0
P0060,2025Q3,2024Q1,7,exact,data center,Commercial,Inside,Technical Review,800,Q4 2026,,,,,,0.0,0.0,0.0,1.0,100.0,250.0,400.0,550.0,700.0,800.0,800.0,800.0,800.0,800.0,800.0
P0061,2024Q1,2024Q1,1,seed,,,Inside,Request for Service,502,Q1 2025,,,,Y,Y,0.0,0.0,24.0,63.0,119.0,184.0,253.0,309.0,387.0,441.0,480.0,502.0,502.0,502.0,502.0
P0061,2024Q2,2024Q1,2,ramp_0.80,data center,Commercial,Inside,Technical Review,651,Q2 2027,Y,,,,,0.0,0.0,0.0,0.0,74.0,149.0,223.0,307.0,419.0,530.0,642.0,651.0,651.0,651.0,651.0
P0061,2024Q3,2024Q1,3,ramp_0.96,data center,Commercial,Inside,Request for Service,693,Q2 2025,,,,,Y,0.0,0.0,2.0,10.0,87.0,173.0,260.0,347.0,433.0,520.0,606.0,693.0,693.0,693.0,693.0
P0061,2024Q4,2024Q1,4,ramp_1.00,data center,Commercial,Inside,Request for Service,693,Q4 2025,,,,,Y,0.0,0.0,2.0,10.0,87.0,173.0,260.0,347.0,433.0,520.0,606.0,693.0,693.0,693.0,693.0
P0061,2025Q1,2024Q1,5,exact,data center,Commercial,Inside,Request for Service,693,Q4 2025,,,Y,,,0.0,0.0,1.0,12.0,200.0,400.0,600.0,693.0,693.0,693.0,693.0,693.0,693.0,693.0,693.0
P0061,2025Q2,2024Q1,6,ramp_0.85,data center,Commercial,Inside,Request for Service,750,Q2 2027,,Y,Y,,Y,0.0,0.0,0.0,0.0,525.0,750.0,750.0,750.0,750.0,750.0,750.0,750.0,750.0,750.0,750.0
P0061,2025Q3,2024Q1,7,exact_noseg,data center,Commercial,Inside,Request for Service,750,Q2 2027,,,,,,0.0,0.0,0.0,0.0,525.0,750.0,750.0,750.0,750.0,750.0,750.0,750.0,750.0,750.0,750.0
P0062,2024Q1,2024Q1,1,seed,,,Inside,Technical Review,271,Q2 2027,,Y,Y,,Y,0.0,0.0,0.0,0.0,33.0,48.0,79.0,97.0,140.0,179.0,233.0,255.0,271.0,271.0,271.0
P0062,2024Q2,2024Q1,2,exact_noseg,data center,Commercial,Inside,Technical Review,271,Q2 2027,,,,,,0.0,0.0,0.0,0.0,33.0,48.0,79.0,97.0,140.0,179.0,233.0,255.0,271.0,271.0,271.0
P0062,2024Q3,2024Q1,3,ramp_0.87,data center,Commercial,Inside,Technical Review,240,Q4 2026,Y,,,,,0.0,0.0,0.0,40.0,80.0,120.0,160.0,200.0,240.0,240.0,240.0,240.0,240.0,240.0,240.0
P0062,2024Q4,2024Q1,4,exact,data center,Commercial,Inside,Technical Review,240,Q4 2026,,,,,,0.0,0.0,0.0,40.0,80.0,120.0,160.0,200.0,240.0,240.0,240.0,240.0,240.0,240.0,240.0
P0062,2025Q1,2024Q1,5,exact,data center,Commercial,Inside,Technical Review,240,Q4 2026,,,,,,0.0,0.0,0.0,40.0,80.0,120.0,160.0,200.0,240.0,240.0,240.0,240.0,240.0,240.0,240.0
P0062,2025Q2,2024Q1,6,ramp_1.00,data center,Commercial,Inside,Technical Review,240,Q4 2026,,,,,,0.0,0.0,0.0,40.0,80.0,120.0,160.0,200.0,240.0,240.0,240.0,240.0,240.0,240.0,240.0
P0063,2024Q1,2024Q1,1,seed,,,Inside,Request for Service,115,Q2 2028,,,Y,,Y,0.0,0.0,0.0,0.0,0.0,97.0,104.0,115.0,115.0,115.0,115.0,115.0,115.0,115.0,115.0
P0063,2024Q2,2024Q1,2,ramp_0.93,data center,Commercial,Inside,Technical Review,130,Q4 2024,Y,,,,,0.0,5.0,5.0,68.0,130.0,130.0,130.0,130.0,130.0,130.0,130.0,130.0,130.0,130.0,130.0
P0063,2024Q3,2024Q1,3,ramp_1.00,data center,Commercial,Inside,Technical Review,130,Q2 2024,,,,,Y,0.0,5.0,5.0,68.0,130.0,130.0,130.0,130.0,130.0,130.0,130.0,130.0,130.0,130.0,130.0
P0063,2024Q4,2024Q1,4,ramp_0.83,data center,Commercial,Inside,Technical Review,150,Q1 2026,Y,,,,,0.0,0.0,0.0,150.0,150.0,150.0,150.0,150.0,150.0,150.0,150.0,150.0,150.0,150.0,150.0
P0063,2025Q1,2024Q1,5,ramp_0.74,data center,Commercial,Inside,Technical Review,216,Q3 2028,,,Y,,Y,0.0,0.0,0.0,0.0,0.0,36.0,108.0,180.0,216.0,216.0,216.0,216.0,216.0,216.0,216.0
P0063,2025Q2,2024Q1,6,exact,data center,Commercial,Inside,Technical Review,216,Q3 2028,,,,,,0.0,0.0,0.0,0.0,0.0,36.0,108.0,180.0,216.0,216.0,216.0,216.0,216.0,216.0,216.0
P0063,2025Q3,2024Q1,7,exact,data center,Commercial,Inside,Technical Review,216,Q3 2028,,,,,,0.0,0.0,0.0,0.0,0.0,36.0,108.0,180.0,216.0,216.0,216.0,216.0,216.0,216.0,216.0
P0063,2025Q4,2024Q1,8,ramp_0.77,data center,Commercial,Inside,Technical Review,252,Q2 2028,Y,,,,,,,0.0,0.0,0.0,144.0,252.0,252.0,252.0,252.0,252.0,252.0,252.0,252.0,252.0
P0063,2026Q1,2024Q1,9,exact,data center,Commercial,Inside,Technical Review,252,Q2 2028,,,,,,,,,0.0,0.0,144.0,252.0,252.0,252.0,252.0,252.0,252.0,252.0,252.0,252.0
P0064,2024Q1,2024Q1,1,seed,,,Inside,Technical Review,180,Q2 2025,Y,,,,,0.0,0.0,15.0,45.0,90.0,180.0,180.0,180.0,180.0,180.0,180.0,180.0,180.0,180.0,180.0
P0064,2024Q2,2024Q1,2,ramp_0.83,data center,Commercial,Inside,Technical Review,150,Q2 2027,Y,,,,,0.0,0.0,0.0,0.0,75.0,150.0,150.0,150.0,150.0,150.0,150.0,150.0,150.0,150.0,150.0
P0064,2024Q3,2024Q1,3,ramp_1.00,data center,Commercial,Inside,Technical Review,150,Q1 2027,,,,,Y,0.0,0.0,0.0,0.0,75.0,150.0,150.0,150.0,150.0,150.0,150.0,150.0,150.0,150.0,150.0
P0064,2024Q4,2024Q1,4,ramp_0.70,data center,Commercial,Inside,Technical Review,216,Q4 2026,,,,,Y,0.0,0.0,0.0,36.0,108.0,180.0,216.0,216.0,216.0,216.0,216.0,216.0,216.0,216.0,216.0
P0064,2025Q1,2024Q1,5,ramp_0.92,manufacturing,Industrial,Inside,Technical Review,230,Q4 2026,Y,,,,,0.0,0.0,0.0,5.0,115.0,230.0,230.0,230.0,230.0,230.0,230.0,230.0,230.0,230.0,230.0
P0065,2024Q2,2024Q2,1,new,data center,Commercial,Inside,Technical Review,656,Q2 2026,Y,,,,,0.0,0.0,0.0,52.0,126.0,209.0,304.0,353.0,407.0,461.0,503.0,536.0,581.0,623.0,656.0
P0065,2024Q3,2024Q2,2,exact,data center,Commercial,Inside,Technical Review,656,Q2 2026,,,,,,0.0,0.0,0.0,52.0,126.0,209.0,304.0,353.0,407.0,461.0,503.0,536.0,581.0,623.0,656.0
P0065,2024Q4,2024Q2,3,exact,data center,Commercial,Inside,Technical Review,656,Q2 2026,,,,,,0.0,0.0,0.0,52.0,126.0,209.0,304.0,353.0,407.0,461.0,503.0,536.0,581.0,623.0,656.0
P0065,2025Q1,2024Q2,4,ramp_1.00,data center,Commercial,Inside,Technical Review,656,Q4 2026,,,,,Y,0.0,0.0,0.0,52.0,126.0,209.0,304.0,353.0,407.0,461.0,503.0,536.0,581.0,623.0,656.0
P0065,2025Q2,2024Q2,5,exact,data center,Commercial,Inside,Technical Review,656,Q4 2026,,,,,,0.0,0.0,0.0,52.0,126.0,209.0,304.0,353.0,407.0,461.0,503.0,536.0,581.0,623.0,656.0
P0065,2025Q3,2024Q2,6,exact,data center,Commercial,Inside,Technical Review,1400,Q4 2026,,,,,,0.0,0.0,0.0,100.0,200.0,200.0,1400.0,1400.0,1400.0,1400.0,1400.0,1400.0,1400.0,1400.0,1400.0
P0065,2025Q4,2024Q2,7,ramp_0.95,data center,Commercial,Inside,Technical Review,1500,Q4 2027,,,Y,,Y,,,0.0,0.0,10.0,505.0,755.0,1005.0,1255.0,1500.0,1500.0,1500.0,1500.0,1500.0,1500.0
P0065,2026Q1,2024Q2,8,exact,data center,Commercial,Inside,Technical Review,1500,Q4 2027,,,,,,,,,0.0,10.0,505.0,755.0,1005.0,1255.0,1500.0,1500.0,1500.0,1500.0,1500.0,1500.0
P0066,2024Q2,2024Q2,1,new,data center,Commercial,Multiple Sites,Technical Review,460,Q4 2025,,,,,Y,0.0,0.0,140.0,300.0,460.0,460.0,460.0,460.0,460.0,460.0,460.0,460.0,460.0,460.0,460.0
P0067,2024Q2,2024Q2,1,new,clean energy tech,Industrial,Outside,Technical Review,250,Q2 2026,Y,,,,,0.0,0.0,0.0,250.0,250.0,250.0,250.0,250.0,250.0,250.0,250.0,250.0,250.0,250.0,250.0
P0067,2024Q3,2024Q2,2,ramp_1.00,manufacturing,Industrial,Outside,Technical Review,250,Q4 2026,,,,,Y,0.0,0.0,0.0,250.0,250.0,250.0,250.0,250.0,250.0,250.0,250.0,250.0,250.0,250.0,250.0
P0067,2024Q4,2024Q2,3,exact,manufacturing,Industrial,Outside,Technical Review,250,Q4 2026,,,,,,0.0,0.0,0.0,250.0,250.0,250.0,250.0,250.0,250.0,250.0,250.0,250.0,250.0,250.0,250.0
P0067,2025Q1,2024Q2,4,exact,manufacturing,Industrial,Outside,Technical Review,250,Q4 2026,,,,,,0.0,0.0,0.0,250.0,250.0,250.0,250.0,250.0,250.0,250.0,250.0,250.0,250.0,250.0,250.0
P0067,2025Q2,2024Q2,5,exact,manufacturing,Industrial,Outside,Technical Review,250,Q4 2026,,,,,,0.0,0.0,0.0,250.0,250.0,250.0,250.0,250.0,250.0,250.0,250.0,250.0,250.0,250.0,250.0
P0068,2024Q2,2024Q2,1,new,data center,Commercial,Inside,Technical Review,216,Q2 2026,,,,,,0.0,0.0,0.0,36.0,108.0,180.0,216.0,216.0,216.0,216.0,216.0,216.0,216.0,216.0,216.0
P0068,2024Q3,2024Q2,2,ramp_0.97,data center,Commercial,Outside,Technical Review,240,Q4 2027,Y,,,,,0.0,0.0,0.0,0.0,80.0,80.0,160.0,160.0,240.0,240.0,240.0,240.0,240.0,240.0,240.0
P0068,2024Q4,2024Q2,3,exact,data center,Commercial,Outside,Technical Review,240,Q4 2027,,,,,,0.0,0.0,0.0,0.0,80.0,80.0,160.0,160.0,240.0,240.0,240.0,240.0,240.0,240.0,240.0
P0068,2025Q1,2024Q2,4,ramp_0.97,data center,Commercial,Inside,Technical Review,240,Q4 2026,,,,,Y,0.0,0.0,0.0,40.0,80.0,120.0,160.0,200.0,240.0,240.0,240.0,240.0,240.0,240.0,240.0
P0068,2025Q2,2024Q2,5,ramp_1.00,data center,Commercial,Inside,Technical Review,240,Q4 2026,,,,,,0.0,0.0,0.0,40.0,80.0,120.0,160.0,200.0,240.0,240.0,240.0,240.0,240.0,240.0,240.0
P0068,2025Q3,2024Q2,6,exact,data center,Commercial,Inside,Technical Review,240,Q4 2026,,,,,,0.0,0.0,0.0,40.0,80.0,120.0,160.0,200.0,240.0,240.0,240.0,240.0,240.0,240.0,240.0
P0068,2025Q4,2024Q2,7,ramp_0.71,data center,Commercial,Inside,Technical Review,360,Q4 2027,,,,,Y,,,0.0,0.0,72.0,120.0,168.0,216.0,288.0,360.0,360.0,360.0,360.0,360.0,360.0
P0068,2026Q1,2024Q2,8,ramp_0.78,data center,Commercial,Inside,Technical Review,450,Q4 2027,,,,,,,,,0.0,5.0,5.0,150.0,300.0,450.0,450.0,450.0,450.0,450.0,450.0,450.0
P0069,2024Q2,2024Q2,1,new,data center,Commercial,Inside,Technical Review,250,Q2 2026,Y,,,,,0.0,0.0,0.0,75.0,150.0,200.0,250.0,250.0,250.0,250.0,250.0,250.0,250.0,250.0,250.0
P0069,2024Q3,2024Q2,2,ramp_0.89,other,Industrial,Outside,Technical Review,300,Q3 2025,Y,,,,,0.0,0.0,50.0,50.0,100.0,100.0,100.0,100.0,200.0,200.0,300.0,300.0,300.0,300.0,300.0
P0069,2024Q4,2024Q2,3,ramp_0.72,data center,Commercial,Inside,Technical Review,300,Q3 2026,,,,,,0.0,0.0,0.0,100.0,200.0,300.0,300.0,300.0,300.0,300.0,300.0,300.0,300.0,300.0,300.0
P0069,2025Q1,2024Q2,4,ramp_0.71,data center,Commercial,Inside,Technical Review,460,Q4 2026,,,,,Y,0.0,0.0,0.0,2.0,91.0,187.0,283.0,380.0,460.0,460.0,460.0,460.0,460.0,460.0,460.0
P0069,2025Q2,2024Q2,5,exact,data center,Commercial,Inside,Technical Review,460,Q4 2026,,,,,,0.0,0.0,0.0,2.0,91.0,187.0,283.0,380.0,460.0,460.0,460.0,460.0,460.0,460.0,460.0
P0070,2024Q2,2024Q2,1,new,data center,Commercial,Inside,Technical Review,1000,Q4 2025,Y,,,,,0.0,0.0,5.0,15.0,250.0,500.0,750.0,1000.0,1000.0,1000.0,1000.0,1000.0,1000.0,1000.0,1000.0
P0070,2024Q3,2024Q2,2,ramp_0.92,data center,Commercial,Inside,Technical Review,1000,Q2 2026,Y,,,,,0.0,0.0,0.0,200.0,350.0,500.0,600.0,700.0,800.0,900.0,1000.0,1000.0,1000.0,1000.0,1000.0
P0070,2024Q4,2024Q2,3,ramp_0.84,data center,Commercial,Inside,Technical Review,1200,Q1 2027,Y,,,,,0.0,0.0,0.0,0.0,97.0,194.0,432.0,732.0,1032.0,1200.0,1200.0,1200.0,1200.0,1200.0,1200.0
P0070,2025Q1,2024Q2,4,ramp_0.98,data center,Commercial,Inside,Technical Review,1200,Q4 2026,Y,,,,,0.0,0.0,0.0,1.0,20.0,400.0,600.0,800.0,1000.0,1200.0,1200.0,1200.0,1200.0,1200.0,1200.0
P0070,2025Q2,2024Q2,5,exact_noseg,data center,Commercial,Inside,Technical Review,1200,Q4 2026,,,,,,0.0,0.0,0.0,400.0,600.0,800.0,1000.0,1200.0,1200.0,1200.0,1200.0,1200.0,1200.0,1200.0,1200.0
P0071,2024Q2,2024Q2,1,new,data center,Commercial,Inside,Technical Review,335,Q2 2027,Y,,,,,0.0,0.0,0.0,0.0,134.0,268.0,335.0,335.0,335.0,335.0,335.0,335.0,335.0,335.0,335.0
P0072,2024Q2,2024Q2,1,new,data center,Commercial,Inside,Technical Review,432,Q2 2027,,,Y,,Y,0.0,0.0,0.0,0.0,72.0,216.0,288.0,360.0,432.0,432.0,432.0,432.0,432.0,432.0,432.0
P0072,2024Q3,2024Q2,2,ramp_0.85,data center,Commercial,Inside,Technical Review,500,Q4 2026,,,,,Y,0.0,0.0,0.0,75.0,150.0,250.0,350.0,450.0,500.0,500.0,500.0,500.0,500.0,500.0,500.0
P0072,2024Q4,2024Q2,3,exact,data center,Commercial,Inside,Technical Review,500,Q4 2026,,,,,,0.0,0.0,0.0,75.0,150.0,250.0,350.0,450.0,500.0,500.0,500.0,500.0,500.0,500.0,500.0
P0072,2025Q1,2024Q2,4,exact,data center,Commercial,Inside,Technical Review,500,Q4 2026,,Y,Y,,Y,0.0,0.0,0.0,200.0,250.0,350.0,450.0,500.0,500.0,500.0,500.0,500.0,500.0,500.0,500.0
P0073,2024Q2,2024Q2,1,new,data center,Commercial,Outside,Technical Review,115,Q4 2025,,,,,Y,0.0,0.0,22.0,30.0,90.0,95.0,115.0,115.0,115.0,115.0,115.0,115.0,115.0,115.0,115.0
P0073,2024Q3,2024Q2,2,ramp_0.90,other,Industrial,Multiple Sites,Technical Review,110,Q2 2028,Y,,,,,0.0,0.0,0.0,0.0,0.0,110.0,110.0,110.0,110.0,110.0,110.0,110.0,110.0,110.0,110.0
P0073,2024Q4,2024Q2,3,exact,other,Industrial,Multiple Sites,Technical Review,110,Q2 2028,,,,,,0.0,0.0,0.0,0.0,0.0,110.0,110.0,110.0,110.0,110.0,110.0,110.0,110.0,110.0,110.0
P0073,2025Q1,2024Q2,4,exact,other,Industrial,Multiple Sites,Technical Review,110,Q2 2028,,,,,,0.0,0.0,0.0,0.0,0.0,110.0,110.0,110.0,110.0,110.0,110.0,110.0,110.0,110.0,110.0
P0074,2024Q2,2024Q2,1,new,data center,Commercial,Inside,Request for Service,432,Q2 2026,,,Y,,,0.0,0.0,0.0,60.0,108.0,216.0,324.0,432.0,432.0,432.0,432.0,432.0,432.0,432.0,432.0
P0074,2024Q3,2024Q2,2,ramp_0.96,data center,Commercial,Inside,Technical Review,470,Q1 2027,Y,,,,,0.0,0.0,0.0,0.0,75.0,157.0,259.0,371.0,470.0,470.0,470.0,470.0,470.0,470.0,470.0
P0074,2024Q4,2024Q2,3,exact,data center,Commercial,Inside,Technical Review,470,Q1 2027,,,,,,0.0,0.0,0.0,0.0,75.0,157.0,259.0,371.0,470.0,470.0,470.0,470.0,470.0,470.0,470.0
P0074,2025Q1,2024Q2,4,ramp_0.81,data center,Commercial,Inside,Technical Review,650,Q4 2026,,,,,Y,0.0,0.0,0.0,120.0,191.0,247.0,303.0,359.0,415.0,471.0,527.0,583.0,650.0,650.0,650.0
P0074,2025Q2,2024Q2,5,exact,data center,Commercial,Inside,Technical Review,650,Q4 2026,,,,,,0.0,0.0,0.0,120.0,191.0,247.0,303.0,359.0,415.0,471.0,527.0,583.0,650.0,650.0,650.0
P0075,2024Q2,2024Q2,1,new,data center,Commercial,Inside,Technical Review,321,Q4 2024,Y,,,,,0.0,3.0,25.0,120.0,209.0,301.0,321.0,321.0,321.0,321.0,321.0,321.0,321.0,321.0,321.0
P0075,2024Q3,2024Q2,2,ramp_0.86,manufacturing,Industrial,Multiple Sites,Technical Review,360,Q3 2027,Y,,,,,0.0,0.0,0.0,0.0,360.0,360.0,360.0,360.0,360.0,360.0,360.0,360.0,360.0,360.0,360.0
P0075,2024Q4,2024Q2,3,ramp_0.73,other,Industrial,Multiple Sites,Technical Review,500,Q2 2026,Y,,,,,0.0,0.0,0.0,100.0,100.0,500.0,500.0,500.0,500.0,500.0,500.0,500.0,500.0,500.0,500.0
P0075,2025Q1,2024Q2,4,ramp_0.72,data center,Commercial,Inside,Technical Review,750,Q2 2027,,,,,Y,0.0,0.0,0.0,0.0,250.0,350.0,450.0,600.0,750.0,750.0,750.0,750.0,750.0,750.0,750.0
P0075,2025Q2,2024Q2,5,ramp_0.78,data center,Commercial,Inside,Technical Review,910,Q4 2026,,,,,,0.0,0.0,0.0,25.0,350.0,550.0,750.0,910.0,910.0,910.0,910.0,910.0,910.0,910.0,910.0
P0075,2025Q3,2024Q2,6,ramp_0.85,data center,Commercial,Inside,Technical Review,1200,Q2 2027,,Y,Y,,,0.0,0.0,0.0,0.0,100.0,300.0,450.0,650.0,850.0,1050.0,1200.0,1200.0,1200.0,1200.0,1200.0
P0076,2024Q2,2024Q2,1,new,data center,Commercial,Inside,Request for Service,300,Q2 2027,,Y,Y,,Y,0.0,0.0,0.0,0.0,75.0,150.0,225.0,300.0,300.0,300.0,300.0,300.0,300.0,300.0,300.0
P0076,2024Q3,2024Q2,2,ramp_0.93,data center,Commercial,Inside,Request for Service,311,Q2 2025,,,Y,Y,Y,0.0,0.0,2.0,6.0,104.0,208.0,311.0,311.0,311.0,311.0,311.0,311.0,311.0,311.0,311.0
P0076,2024Q4,2024Q2,3,exact,data center,Commercial,Inside,Request for Service,311,Q2 2025,,,,,,0.0,0.0,2.0,6.0,104.0,208.0,311.0,311.0,311.0,311.0,311.0,311.0,311.0,311.0,311.0
P0076,2025Q1,2024Q2,4,exact,data center,Commercial,Inside,Contract for Electric Service,311,Q2 2025,,,,,,0.0,0.0,2.0,6.0,104.0,208.0,311.0,311.0,311.0,311.0,311.0,311.0,311.0,311.0,311.0
P0076,2025Q2,2024Q2,5,exact,data center,Commercial,Inside,Contract for Electric Service,311,Q2 2025,,,,,,0.0,0.0,2.0,6.0,104.0,208.0,311.0,311.0,311.0,311.0,311.0,311.0,311.0,311.0,311.0
P0076,2025Q3,2024Q2,6,exact,data center,Commercial,Inside,Contract for Electric Service,311,Q2 2025,,,,,,0.0,0.0,2.0,6.0,104.0,208.0,311.0,311.0,311.0,311.0,311.0,311.0,311.0,311.0,311.0
P0076,2025Q4,2024Q2,7,exact,data center,Commercial,Inside,Contract for Electric Service,311,Q1 2026,,,,,Y,,,2.0,6.0,104.0,208.0,311.0,311.0,311.0,311.0,311.0,311.0,311.0,311.0,311.0
P0076,2026Q1,2024Q2,8,exact,data center,Commercial,Inside,Contract for Electric Service,311,Q1 2026,,,,,,,,,6.0,104.0,208.0,311.0,311.0,311.0,311.0,311.0,311.0,311.0,311.0,311.0
P0077,2024Q2,2024Q2,1,new,data center,Commercial,Inside,Request for Service,285,Q2 2027,,Y,Y,,,0.0,0.0,0.0,0.0,100.0,200.0,285.0,285.0,285.0,285.0,285.0,285.0,285.0,285.0,285.0
P0077,2024Q3,2024Q2,2,exact,data center,Commercial,Inside,Request for Service,285,Q2 2027,,,,,,0.0,0.0,0.0,0.0,100.0,200.0,285.0,285.0,285.0,285.0,285.0,285.0,285.0,285.0,285.0
P0077,2024Q4,2024Q2,3,ramp_0.73,data center,Commercial,Inside,Technical Review,365,Q4 2025,,,,,Y,0.0,0.0,5.0,125.0,245.0,365.0,365.0,365.0,365.0,365.0,365.0,365.0,365.0,365.0,365.0
P0077,2025Q1,2024Q2,4,exact,data center,Commercial,Inside,Technical Review,365,Q4 2025,,,,,,0.0,0.0,5.0,125.0,245.0,365.0,365.0,365.0,365.0,365.0,365.0,365.0,365.0,365.0,365.0
P0077,2025Q2,2024Q2,5,ramp_0.75,data center,Commercial,Inside,Technical Review,567,Q4 2026,,,Y,,Y,0.0,0.0,0.0,2.0,81.0,162.0,243.0,324.0,405.0,486.0,567.0,567.0,567.0,567.0,567.0
P0077,2025Q3,2024Q2,6,exact,data center,Commercial,Inside,Technical Review,567,Q4 2026,,,,,,0.0,0.0,0.0,2.0,81.0,162.0,243.0,324.0,405.0,486.0,567.0,567.0,567.0,567.0,567.0
P0077,2025Q4,2024Q2,7,ramp_0.89,data center,Commercial,Inside,Technical Review,600,Q4 2027,,,Y,,Y,,,0.0,0.0,1.0,10.0,200.0,400.0,600.0,600.0,600.0,600.0,600.0,600.0,600.0
P0078,2024Q2,2024Q2,1,new,data center,Commercial,Inside,Request for Service,180,Q2 2026,Y,,,,,0.0,0.0,0.0,36.0,108.0,180.0,180.0,180.0,180.0,180.0,180.0,180.0,180.0,180.0,180.0
P0078,2024Q3,2024Q2,2,ramp_0.87,data center,Commercial,Inside,Technical Review,200,Q1 2027,Y,,,,,0.0,0.0,0.0,0.0,200.0,200.0,200.0,200.0,200.0,200.0,200.0,200.0,200.0,200.0,200.0
P0078,2024Q4,2024Q2,3,exact,data center,Commercial,Inside,Technical Review,200,Q1 2027,,,,,,0.0,0.0,0.0,0.0,200.0,200.0,200.0,200.0,200.0,200.0,200.0,200.0,200.0,200.0,200.0
P0078,2025Q1,2024Q2,4,ramp_0.89,data center,Commercial,Inside,Request for Service,228,Q1 2028,,,Y,,Y,0.0,0.0,0.0,0.0,30.0,228.0,228.0,228.0,228.0,228.0,228.0,228.0,228.0,228.0,228.0
P0078,2025Q2,2024Q2,5,exact,data center,Commercial,Inside,Request for Service,228,Q1 2028,,,,,,0.0,0.0,0.0,0.0,30.0,228.0,228.0,228.0,228.0,228.0,228.0,228.0,228.0,228.0,228.0
P0078,2025Q3,2024Q2,6,exact,data center,Commercial,Inside,Request for Service,228,Q1 2028,Y,,,,,0.0,0.0,0.0,0.0,0.0,10.0,107.0,228.0,228.0,228.0,228.0,228.0,228.0,228.0,228.0
P0078,2025Q4,2024Q2,7,ramp_0.79,data center,Commercial,Inside,Request for Service,300,Q3 2029,,Y,Y,,Y,,,0.0,0.0,0.0,0.0,100.0,200.0,300.0,300.0,300.0,300.0,300.0,300.0,300.0
P0079,2024Q2,2024Q2,1,new,data center,Commercial,Inside,Request for Service,502,Q4 2025,,,,,Y,0.0,0.0,24.0,63.0,119.0,184.0,253.0,309.0,387.0,441.0,480.0,502.0,502.0,502.0,502.0
P0079,2024Q3,2024Q2,2,ramp_0.97,data center,Commercial,Inside,Technical Review,481,Q4 2027,,,Y,,Y,0.0,0.0,0.0,0.0,14.0,118.0,261.0,404.0,481.0,481.0,481.0,481.0,481.0,481.0,481.0
P0079,2024Q4,2024Q2,3,exact,data center,Commercial,Inside,Technical Review,481,Q4 2027,,,,,,0.0,0.0,0.0,0.0,14.0,118.0,261.0,404.0,481.0,481.0,481.0,481.0,481.0,481.0,481.0
P0079,2025Q1,2024Q2,4,exact,data center,Commercial,Inside,Technical Review,481,Q4 2027,,,,,,0.0,0.0,0.0,0.0,14.0,118.0,261.0,404.0,481.0,481.0,481.0,481.0,481.0,481.0,481.0
P0079,2025Q2,2024Q2,5,exact,data center,Commercial,Inside,Technical Review,481,Q4 2027,,,,,,0.0,0.0,0.0,0.0,14.0,118.0,261.0,404.0,481.0,481.0,481.0,481.0,481.0,481.0,481.0
P0079,2025Q3,2024Q2,6,exact,data center,Commercial,Inside,Technical Review,481,Q4 2027,,,,,,0.0,0.0,0.0,0.0,14.0,118.0,261.0,404.0,481.0,481.0,481.0,481.0,481.0,481.0,481.0
P0079,2025Q4,2024Q2,7,ramp_0.93,data center,Commercial,Inside,Technical Review,600,Q4 2027,,,Y,,Y,,,0.0,0.0,1.0,60.0,102.0,204.0,300.0,414.0,510.0,558.0,600.0,600.0,600.0
P0079,2026Q1,2024Q2,8,exact_noseg,data center,Commercial,Inside,Technical Review,600,Q4 2027,,,,,,,,,0.0,1.0,60.0,102.0,204.0,300.0,414.0,510.0,558.0,600.0,600.0,600.0
P0080,2024Q2,2024Q2,1,new,data center,Commercial,Inside,Contract for Electric Service,145,Q2 2028,,Y,Y,Y,,0.0,0.0,0.0,0.0,0.0,97.0,104.0,145.0,145.0,145.0,145.0,145.0,145.0,145.0,145.0
P0080,2024Q3,2024Q2,2,ramp_0.97,other,Commercial,Inside,Technical Review,150,Q1 2024,Y,,,,,0.0,25.0,25.0,50.0,50.0,100.0,100.0,125.0,125.0,150.0,150.0,150.0,150.0,150.0,150.0
P0080,2024Q4,2024Q2,3,ramp_0.93,other,Commercial,Inside,Technical Review,150,Q4 2025,,,Y,,Y,0.0,0.0,25.0,25.0,50.0,50.0,100.0,100.0,125.0,125.0,150.0,150.0,150.0,150.0,150.0
P0080,2025Q1,2024Q2,4,exact,other,Commercial,Inside,Technical Review,150,Q4 2025,,,,,,0.0,0.0,25.0,25.0,50.0,50.0,100.0,100.0,125.0,125.0,150.0,150.0,150.0,150.0,150.0
P0080,2025Q2,2024Q2,5,ramp_0.84,clean energy tech,Industrial,Inside,Technical Review,240,Q2 2029,Y,,,,,0.0,0.0,0.0,0.0,0.0,0.0,75.0,150.0,150.0,150.0,150.0,150.0,150.0,150.0,240.0
P0080,2025Q3,2024Q2,6,exact,clean energy tech,Industrial,Inside,Technical Review,240,Q2 2029,,Y,Y,,,0.0,0.0,0.0,0.0,0.0,0.0,75.0,150.0,150.0,150.0,150.0,150.0,150.0,150.0,240.0
P0080,2025Q4,2024Q2,7,exact,clean energy tech,Industrial,Inside,Technical Review,240,Q2 2029,,,,,,,,0.0,0.0,0.0,0.0,75.0,150.0,150.0,150.0,150.0,150.0,150.0,150.0,240.0
P0080,2026Q1,2024Q2,8,exact,clean energy tech,Industrial,Inside,Technical Review,240,Q2 2029,,,,,,,,,0.0,0.0,0.0,75.0,150.0,150.0,150.0,150.0,150.0,150.0,150.0,240.0
P0081,2024Q3,2024Q3,1,new,data center,Commercial,Inside,Technical Review,910,Q4 2026,Y,,,,,0.0,0.0,0.0,100.0,370.0,550.0,730.0,910.0,910.0,910.0,910.0,910.0,910.0,910.0,910.0
P0081,2024Q4,2024Q3,2,ramp_0.94,manufacturing,Industrial,Multiple Sites,Technical Review,1020,Q2 2027,Y,,,,,0.0,0.0,0.0,0.0,6.0,11.0,500.0,500.0,1020.0,1020.0,1020.0,1020.0,1020.0,1020.0,1020.0
P0081,2025Q1,2024Q3,3,exact,manufacturing,Industrial,Multiple Sites,Technical Review,1020,Q2 2027,,,,,,0.0,0.0,0.0,0.0,6.0,11.0,500.0,500.0,1020.0,1020.0,1020.0,1020.0,1020.0,1020.0,1020.0
P0081,2025Q2,2024Q3,4,exact,manufacturing,Industrial,Multiple Sites,Technical Review,1020,Q2 2027,,,,,,0.0,0.0,0.0,0.0,6.0,11.0,500.0,500.0,1020.0,1020.0,1020.0,1020.0,1020.0,1020.0,1020.0
P0081,2025Q3,2024Q3,5,exact,manufacturing,Industrial,Multiple Sites,Technical Review,1020,Q2 2027,,Y,Y,,,0.0,0.0,0.0,0.0,6.0,11.0,500.0,500.0,1020.0,1020.0,1020.0,1020.0,1020.0,1020.0,1020.0
P0081,2025Q4,2024Q3,6,ramp_0.88,data center,Commercial,Inside,Technical Review,1200,Q4 2027,,,,,Y,,,0.0,0.0,100.0,300.0,450.0,650.0,850.0,1050.0,1200.0,1200.0,1200.0,1200.0,1200.0
P0081,2026Q1,2024Q3,7,ramp_0.85,data center,Commercial,Inside,Technical Review,1200,Q2 2028,Y,,,,,,,,0.0,0.0,600.0,900.0,1200.0,1200.0,1200.0,1200.0,1200.0,1200.0,1200.0,1200.0
P0082,2024Q3,2024Q3,1,new,data center,Commercial,Inside,Technical Review,872,Q4 2026,Y,,,,,0.0,0.0,0.0,1.0,10.0,300.0,372.0,672.0,872.0,872.0,872.0,872.0,872.0,872.0,872.0
P0082,2024Q4,2024Q3,2,exact,data center,Commercial,Inside,Technical Review,1000,Q4 2026,,Y,Y,,,0.0,0.0,0.0,1.0,12.0,300.0,600.0,900.0,1000.0,1000.0,1000.0,1000.0,1000.0,1000.0,1000.0
P0082,2025Q1,2024Q3,3,exact,data center,Commercial,Inside,Technical Review,1000,Q4 2026,,,,,,0.0,0.0,0.0,1.0,12.0,300.0,600.0,900.0,1000.0,1000.0,1000.0,1000.0,1000.0,1000.0,1000.0
P0082,2025Q2,2024Q3,4,ramp_0.92,data center,Commercial,Inside,Technical Review,1200,Q4 2026,,,Y,,Y,0.0,0.0,0.0,1.0,1.0,200.0,400.0,600.0,800.0,1000.0,1200.0,1200.0,1200.0,1200.0,1200.0
P0083,2024Q3,2024Q3,1,new,data center,Commercial,Inside,Technical Review,1200,Q1 2026,Y,,,,,0.0,0.0,0.0,250.0,500.0,750.0,1000.0,1200.0,1200.0,1200.0,1200.0,1200.0,1200.0,1200.0,1200.0
P0083,2024Q4,2024Q3,2,ramp_0.84,data center,Commercial,Inside,Technical Review,1680,Q1 2028,Y,,,,,0.0,0.0,0.0,0.0,0.0,72.0,276.0,516.0,744.0,1056.0,1056.0,1200.0,1368.0,1476.0,1680.0
P0083,2025Q1,2024Q3,3,ramp_1.00,data center,Commercial,Inside,Technical Review,1680,Q2 2028,,,,,Y,0.0,0.0,0.0,0.0,0.0,72.0,276.0,516.0,744.0,1056.0,1056.0,1200.0,1368.0,1476.0,1680.0
P0083,2025Q2,2024Q3,4,exact,data center,Commercial,Inside,Technical Review,1680,Q2 2028,,,,,,0.0,0.0,0.0,0.0,0.0,72.0,276.0,516.0,744.0,1056.0,1056.0,1200.0,1368.0,1476.0,1680.0
P0083,2025Q3,2024Q3,5,exact,data center,Commercial,Inside,Request for Service,1400,Q2 2028,,,Y,,,0.0,0.0,0.0,0.0,90.0,1400.0,1400.0,1400.0,1400.0,1400.0,1400.0,1400.0,1400.0,1400.0,1400.0
P0083,2025Q4,2024Q3,6,exact,data center,Commercial,Inside,Contract for Electric Service,1400,Q2 2028,,,,Y,,,,0.0,0.0,90.0,1400.0,1400.0,1400.0,1400.0,1400.0,1400.0,1400.0,1400.0,1400.0,1400.0
P0083,2026Q1,2024Q3,7,exact,data center,Commercial,Inside,Contract for Electric Service,1400,Q2 2028,,,,,,,,,0.0,90.0,1400.0,1400.0,1400.0,1400.0,1400.0,1400.0,1400.0,1400.0,1400.0,1400.0
P0084,2024Q3,2024Q3,1,new,data center,Commercial,Inside,Technical Review,910,Q4 2026,Y,,,,,0.0,0.0,0.0,25.0,350.0,550.0,750.0,910.0,910.0,910.0,910.0,910.0,910.0,910.0,910.0
P0084,2024Q4,2024Q3,2,ramp_0.84,data center,Commercial,Inside,Technical Review,1186,Q1 2028,Y,,,,,0.0,0.0,0.0,0.0,0.0,190.0,395.0,654.0,937.0,1186.0,1186.0,1186.0,1186.0,1186.0,1186.0
P0084,2025Q1,2024Q3,3,ramp_0.95,data center,Commercial,Inside,Technical Review,1200,Q2 2027,Y,,,,,0.0,0.0,0.0,0.0,200.0,400.0,600.0,800.0,1000.0,1200.0,1200.0,1200.0,1200.0,1200.0,1200.0
P0084,2025Q2,2024Q3,4,exact_noseg,data center,Commercial,Inside,Technical Review,1200,Q2 2027,,,,,,0.0,0.0,0.0,0.0,200.0,400.0,600.0,800.0,1000.0,1200.0,1200.0,1200.0,1200.0,1200.0,1200.0
P0085,2024Q3,2024Q3,1,new,data center,Commercial,Inside,Technical Review,1000,Q2 2026,Y,,,,,0.0,0.0,0.0,200.0,350.0,500.0,600.0,700.0,800.0,900.0,1000.0,1000.0,1000.0,1000.0,1000.0
P0085,2024Q4,2024Q3,2,ramp_0.81,data center,Commercial,Inside,Technical Review,1200,Q1 2028,Y,,,,,0.0,0.0,0.0,0.0,0.0,300.0,600.0,900.0,1200.0,1200.0,1200.0,1200.0,1200.0,1200.0,1200.0
P0085,2025Q1,2024Q3,3,ramp_1.00,data center,Commercial,Inside,Technical Review,1200,Q2 2028,,,,,Y,0.0,0.0,0.0,0.0,0.0,300.0,600.0,900.0,1200.0,1200.0,1200.0,1200.0,1200.0,1200.0,1200.0
P0085,2025Q2,2024Q3,4,exact,data center,Commercial,Inside,Technical Review,1200,Q2 2028,,,,,,0.0,0.0,0.0,0.0,0.0,300.0,600.0,900.0,1200.0,1200.0,1200.0,1200.0,1200.0,1200.0,1200.0
P0086,2024Q3,2024Q3,1,new,data center,Commercial,Inside,Technical Review,500,Q4 2027,,,,,Y,0.0,0.0,0.0,0.0,500.0,500.0,500.0,500.0,500.0,500.0,500.0,500.0,500.0,500.0,500.0
P0086,2024Q4,2024Q3,2,ramp_0.86,data center,Commercial,Outside,Technical Review,600,Q4 2025,,,,,Y,0.0,0.0,10.0,120.0,312.0,505.0,600.0,600.0,600.0,600.0,600.0,600.0,600.0,600.0,600.0
P0086,2025Q1,2024Q3,3,exact,data center,Commercial,Outside,Technical Review,600,Q4 2025,,,,,,0.0,0.0,10.0,120.0,312.0,505.0,600.0,600.0,600.0,600.0,600.0,600.0,600.0,600.0,600.0
P0086,2025Q2,2024Q3,4,ramp_0.86,data center,Commercial,Inside,Technical Review,750,Q2 2027,,,,,,0.0,0.0,0.0,0.0,250.0,350.0,450.0,600.0,750.0,750.0,750.0,750.0,750.0,750.0,750.0
P0086,2025Q3,2024Q3,5,ramp_0.81,data center,Commercial,Inside,Contract for Electric Service,800,Q1 2027,Y,,,,,0.0,0.0,0.0,0.0,600.0,800.0,800.0,800.0,800.0,800.0,800.0,800.0,800.0,800.0,800.0
P0086,2025Q4,2024Q3,6,exact,data center,Commercial,Inside,Contract for Electric Service,800,Q1 2027,,,,,,,,0.0,0.0,600.0,800.0,800.0,800.0,800.0,800.0,800.0,800.0,800.0,800.0,800.0
P0086,2026Q1,2024Q3,7,exact,data center,Commercial,Inside,Contract for Electric Service,800,Q1 2027,,,,,,,,,0.0,600.0,800.0,800.0,800.0,800.0,800.0,800.0,800.0,800.0,800.0,800.0
P0087,2024Q3,2024Q3,1,new,data center,Commercial,Outside,Technical Review,600,Q3 2025,Y,,,,,0.0,0.0,10.0,120.0,312.0,505.0,600.0,600.0,600.0,600.0,600.0,600.0,600.0,600.0,600.0
P0087,2024Q4,2024Q3,2,ramp_0.86,data center,Commercial,Inside,Technical Review,750,Q1 2027,,Y,Y,,Y,0.0,0.0,0.0,0.0,250.0,350.0,450.0,600.0,750.0,750.0,750.0,750.0,750.0,750.0,750.0
P0087,2025Q1,2024Q3,3,ramp_0.78,data center,Commercial,Inside,Technical Review,910,Q4 2026,,,,,,0.0,0.0,0.0,100.0,370.0,550.0,730.0,910.0,910.0,910.0,910.0,910.0,910.0,910.0,910.0
P0087,2025Q2,2024Q3,4,ramp_0.98,data center,Commercial,Inside,Technical Review,1000,Q4 2026,,,,,,0.0,0.0,0.0,4.0,137.0,322.0,507.0,692.0,877.0,1000.0,1000.0,1000.0,1000.0,1000.0,1000.0
P0088,2024Q3,2024Q3,1,new,other,Industrial,Multiple Sites,Technical Review,118,Q1 2027,Y,,,,,0.0,0.0,0.0,0.0,118.0,118.0,118.0,118.0,118.0,118.0,118.0,118.0,118.0,118.0,118.0
P0088,2024Q4,2024Q3,2,exact,other,Industrial,Multiple Sites,Technical Review,118,Q1 2027,,,,,,0.0,0.0,0.0,0.0,118.0,118.0,118.0,118.0,118.0,118.0,118.0,118.0,118.0,118.0,118.0
P0088,2025Q1,2024Q3,3,ramp_0.80,data center,Commercial,Inside,Technical Review,175,Q2 2028,,Y,Y,,Y,0.0,0.0,0.0,0.0,0.0,40.0,64.0,88.0,112.0,136.0,150.0,175.0,175.0,175.0,175.0
P0088,2025Q2,2024Q3,4,exact,data center,Commercial,Inside,Technical Review,175,Q2 2028,,,,,,0.0,0.0,0.0,0.0,0.0,40.0,64.0,88.0,112.0,136.0,150.0,175.0,175.0,175.0,175.0
P0088,2025Q3,2024Q3,5,exact,data center,Commercial,Inside,Technical Review,175,Q2 2028,Y,,,,,0.0,0.0,0.0,0.0,0.0,40.0,64.0,88.0,112.0,136.0,150.0,175.0,175.0,175.0,175.0
P0088,2025Q4,2024Q3,6,exact,data center,Commercial,Inside,Technical Review,175,Q2 2028,,,,,,,,0.0,0.0,0.0,40.0,64.0,88.0,112.0,136.0,150.0,175.0,175.0,175.0,175.0
P0088,2026Q1,2024Q3,7,exact,data center,Commercial,Inside,Technical Review,175,Q2 2028,,,,,,,,,0.0,0.0,40.0,64.0,88.0,112.0,136.0,150.0,175.0,175.0,175.0,175.0
P0089,2024Q3,2024Q3,1,new,other,Industrial,Multiple Sites,Technical Review,300,Q4 2026,Y,,,,,0.0,0.0,0.0,300.0,300.0,300.0,300.0,300.0,300.0,300.0,300.0,300.0,300.0,300.0,300.0
P0089,2024Q4,2024Q3,2,exact,other,Industrial,Multiple Sites,Technical Review,300,Q4 2026,,,,,,0.0,0.0,0.0,300.0,300.0,300.0,300.0,300.0,300.0,300.0,300.0,300.0,300.0,300.0,300.0
P0089,2025Q1,2024Q3,3,exact,other,Industrial,Multiple Sites,Technical Review,300,Q4 2026,,,,,,0.0,0.0,0.0,300.0,300.0,300.0,300.0,300.0,300.0,300.0,300.0,300.0,300.0,300.0,300.0
P0089,2025Q2,2024Q3,4,exact,other,Industrial,Multiple Sites,Technical Review,300,Q4 2026,,,,,,0.0,0.0,0.0,300.0,300.0,300.0,300.0,300.0,300.0,300.0,300.0,300.0,300.0,300.0,300.0
P0089,2025Q3,2024Q3,5,exact,other,Industrial,Multiple Sites,Technical Review,300,Q4 2026,,,,,,0.0,0.0,0.0,300.0,300.0,300.0,300.0,300.0,300.0,300.0,300.0,300.0,300.0,300.0,300.0
P0090,2024Q3,2024Q3,1,new,data center,Commercial,Inside,Technical Review,400,Q2 2027,Y,,,,,0.0,0.0,0.0,0.0,100.0,200.0,300.0,400.0,400.0,400.0,400.0,400.0,400.0,400.0,400.0
P0090,2024Q4,2024Q3,2,exact,data center,Commercial,Inside,Technical Review,400,Q2 2027,,,,,,0.0,0.0,0.0,0.0,100.0,200.0,300.0,400.0,400.0,400.0,400.0,400.0,400.0,400.0,400.0
P0090,2025Q1,2024Q3,3,exact,data center,Commercial,Inside,Technical Review,400,Q2 2027,,,,,,0.0,0.0,0.0,0.0,100.0,200.0,300.0,400.0,400.0,400.0,400.0,400.0,400.0,400.0,400.0
P0090,2025Q2,2024Q3,4,exact,data center,Commercial,Inside,Technical Review,400,Q2 2027,,,,,,0.0,0.0,0.0,0.0,100.0,200.0,300.0,400.0,400.0,400.0,400.0,400.0,400.0,400.0,400.0
P0090,2025Q3,2024Q3,5,exact,data center,Commercial,Inside,Technical Review,400,Q2 2027,Y,,,,,0.0,0.0,0.0,0.0,100.0,200.0,300.0,400.0,400.0,400.0,400.0,400.0,400.0,400.0,400.0
P0091,2024Q3,2024Q3,1,new,manufacturing,Industrial,Inside,Request for Service,105,Q2 2027,,,Y,,Y,0.0,0.0,0.0,0.0,5.0,91.0,105.0,105.0,105.0,105.0,105.0,105.0,105.0,105.0,105.0
P0091,2024Q4,2024Q3,2,exact,manufacturing,Industrial,Inside,Request for Service,105,Q2 2027,,,,,,0.0,0.0,0.0,0.0,5.0,91.0,105.0,105.0,105.0,105.0,105.0,105.0,105.0,105.0,105.0
P0091,2025Q1,2024Q3,3,exact,manufacturing,Industrial,Inside,Request for Service,105,Q2 2027,,,,,,0.0,0.0,0.0,0.0,5.0,91.0,105.0,105.0,105.0,105.0,105.0,105.0,105.0,105.0,105.0
P0091,2025Q2,2024Q3,4,exact,manufacturing,Industrial,Inside,Request for Service,105,Q2 2027,,,,,,0.0,0.0,0.0,0.0,5.0,91.0,105.0,105.0,105.0,105.0,105.0,105.0,105.0,105.0,105.0
P0091,2025Q3,2024Q3,5,exact,manufacturing,Industrial,Inside,Request for Service,105,Q2 2027,,,,,,0.0,0.0,0.0,0.0,5.0,91.0,105.0,105.0,105.0,105.0,105.0,105.0,105.0,105.0,105.0
P0091,2025Q4,2024Q3,6,ramp_0.77,data center,Commercial,Inside,Contract for Electric Service,120,Q3 2026,,Y,Y,,,,,0.0,60.0,120.0,120.0,120.0,120.0,120.0,120.0,120.0,120.0,120.0,120.0,120.0
P0091,2026Q1,2024Q3,7,exact,data center,Commercial,Inside,Contract for Electric Service,120,Q3 2026,,,,,,,,,60.0,120.0,120.0,120.0,120.0,120.0,120.0,120.0,120.0,120.0,120.0,120.0
P0092,2024Q3,2024Q3,1,new,data center,Commercial,Inside,Technical Review,216,Q3 2026,,,,,Y,0.0,0.0,0.0,36.0,108.0,180.0,216.0,216.0,216.0,216.0,216.0,216.0,216.0,216.0,216.0
P0092,2024Q4,2024Q3,2,ramp_0.70,data center,Commercial,Inside,Technical Review,300,Q1 2026,Y,,,,,0.0,0.0,0.0,75.0,175.0,300.0,300.0,300.0,300.0,300.0,300.0,300.0,300.0,300.0,300.0
P0092,2025Q1,2024Q3,3,ramp_0.72,data center,Commercial,Outside,Technical Review,415,Q2 2026,Y,,,,,0.0,0.0,0.0,44.0,237.0,415.0,415.0,415.0,415.0,415.0,415.0,415.0,415.0,415.0,415.0
P0092,2025Q2,2024Q3,4,exact,data center,Commercial,Outside,Technical Review,415,Q2 2026,,,,,,0.0,0.0,0.0,44.0,237.0,415.0,415.0,415.0,415.0,415.0,415.0,415.0,415.0,415.0,415.0
P0092,2025Q3,2024Q3,5,exact,data center,Commercial,Outside,Technical Review,577,Q2 2026,,,Y,,,0.0,0.0,0.0,63.0,504.0,523.0,577.0,577.0,577.0,577.0,577.0,577.0,577.0,577.0,577.0
P0092,2025Q4,2024Q3,6,exact,data center,Commercial,Outside,Technical Review,577,Q2 2026,,,,,,,,0.0,63.0,504.0,523.0,577.0,577.0,577.0,577.0,577.0,577.0,577.0,577.0,577.0
P0092,2026Q1,2024Q3,7,exact,data center,Commercial,Outside,Contract for Electric Service,523,Q2 2026,,Y,Y,Y,,,,,53.0,485.0,523.0,523.0,523.0,523.0,523.0,523.0,523.0,523.0,523.0,523.0
P0093,2024Q3,2024Q3,1,new,data center,Commercial,Inside,Technical Review,250,Q1 2026,,,,,Y,0.0,0.0,0.0,75.0,150.0,200.0,250.0,250.0,250.0,250.0,250.0,250.0,250.0,250.0,250.0
P0093,2024Q4,2024Q3,2,ramp_0.78,data center,Commercial,Inside,Technical Review,360,Q2 2027,,,,,,0.0,0.0,0.0,0.0,72.0,120.0,168.0,216.0,288.0,360.0,360.0,360.0,360.0,360.0,360.0
P0093,2025Q1,2024Q3,3,exact,data center,Commercial,Inside,Technical Review,360,Q2 2027,,,,,,0.0,0.0,0.0,0.0,72.0,120.0,168.0,216.0,288.0,360.0,360.0,360.0,360.0,360.0,360.0
P0093,2025Q2,2024Q3,4,exact,data center,Commercial,Inside,Technical Review,360,Q2 2027,,,,,,0.0,0.0,0.0,0.0,72.0,120.0,168.0,216.0,288.0,360.0,360.0,360.0,360.0,360.0,360.0
P0093,2025Q3,2024Q3,5,exact,data center,Commercial,Inside,Technical Review,360,Q2 2027,Y,,,,,0.0,0.0,0.0,0.0,72.0,120.0,168.0,216.0,288.0,360.0,360.0,360.0,360.0,360.0,360.0
P0093,2025Q4,2024Q3,6,ramp_0.71,data center,Commercial,Inside,Technical Review,455,Q4 2027,,,Y,,Y,,,0.0,0.0,5.0,95.0,365.0,455.0,455.0,455.0,455.0,455.0,455.0,455.0,455.0
P0093,2026Q1,2024Q3,7,ramp_0.85,data center,Commercial,Inside,Technical Review,550,Q4 2027,,,,,,,,,0.0,5.0,163.0,313.0,500.0,550.0,550.0,550.0,550.0,550.0,550.0,550.0
P0094,2024Q3,2024Q3,1,new,data center,Commercial,Inside,Technical Review,1000,Q1 2025,,,,,Y,0.0,0.0,5.0,15.0,250.0,500.0,750.0,1000.0,1000.0,1000.0,1000.0,1000.0,1000.0,1000.0,1000.0
P0094,2024Q4,2024Q3,2,ramp_0.83,data center,Commercial,Inside,Technical Review,1200,Q1 2027,Y,,,,,0.0,0.0,0.0,0.0,300.0,600.0,900.0,1200.0,1200.0,1200.0,1200.0,1200.0,1200.0,1200.0,1200.0
P0094,2025Q1,2024Q3,3,ramp_1.00,data center,Commercial,Inside,Technical Review,1200,Q2 2027,,,,,Y,0.0,0.0,0.0,0.0,300.0,600.0,900.0,1200.0,1200.0,1200.0,1200.0,1200.0,1200.0,1200.0,1200.0
P0094,2025Q2,2024Q3,4,exact_noseg,data center,Commercial,Inside,Technical Review,1200,Q2 2027,,,,,,0.0,0.0,0.0,0.0,300.0,600.0,900.0,1200.0,1200.0,1200.0,1200.0,1200.0,1200.0,1200.0,1200.0
P0094,2025Q3,2024Q3,5,exact,data center,Commercial,Inside,Technical Review,1200,Q2 2027,Y,,,,,0.0,0.0,0.0,0.0,200.0,400.0,600.0,800.0,1000.0,1200.0,1200.0,1200.0,1200.0,1200.0,1200.0
P0094,2025Q4,2024Q3,6,ramp_0.71,data center,Commercial,Inside,Technical Review,1400,Q4 2027,,,,,Y,,,0.0,0.0,150.0,1400.0,1400.0,1400.0,1400.0,1400.0,1400.0,1400.0,1400.0,1400.0,1400.0
P0094,2026Q1,2024Q3,7,ramp_0.94,data center,Commercial,Inside,Technical Review,1463,Q4 2027,,,,,,,,,0.0,675.0,1463.0,1463.0,1463.0,1463.0,1463.0,1463.0,1463.0,1463.0,1463.0,1463.0
P0095,2024Q3,2024Q3,1,new,manufacturing,Industrial,Outside,Request for Service,79,Q4 2027,,,Y,,Y,0.0,0.0,0.0,0.0,26.0,47.0,47.0,64.0,64.0,79.0,79.0,79.0,79.0,79.0,79.0
P0095,2024Q4,2024Q3,2,exact,manufacturing,Industrial,Outside,Request for Service,79,Q4 2027,,,,,,0.0,0.0,0.0,0.0,26.0,47.0,47.0,64.0,64.0,79.0,79.0,79.0,79.0,79.0,79.0
P0095,2025Q1,2024Q3,3,exact,manufacturing,Industrial,Outside,Request for Service,79,Q4 2027,,,,,,0.0,0.0,0.0,0.0,26.0,47.0,47.0,64.0,64.0,79.0,79.0,79.0,79.0,79.0,79.0
P0095,2025Q2,2024Q3,4,exact,manufacturing,Industrial,Outside,Request for Service,79,Q4 2027,,,,,,0.0,0.0,0.0,0.0,26.0,47.0,47.0,64.0,64.0,79.0,79.0,79.0,79.0,79.0,79.0
P0095,2025Q3,2024Q3,5,exact,manufacturing,Industrial,Outside,Request for Service,79,Q4 2027,,,,,,0.0,0.0,0.0,0.0,26.0,47.0,47.0,64.0,64.0,79.0,79.0,79.0,79.0,79.0,79.0
P0095,2025Q4,2024Q3,6,exact,manufacturing,Industrial,Outside,Request for Service,79,Q4 2027,,,,,,,,0.0,0.0,26.417,46.887,46.887,64.492,64.492,79.479,79.479,79.479,79.479,79.479,79.479
P0095,2026Q1,2024Q3,7,exact,manufacturing,Industrial,Outside,Request for Service,79,Q4 2027,,,,,,,,,0.0,26.0,47.0,47.0,64.0,64.0,79.0,79.0,79.0,79.0,79.0,79.0
P0096,2024Q3,2024Q3,1,new,data center,Commercial,Inside,Request for Service,432,Q1 2028,,,Y,Y,Y,0.0,0.0,0.0,0.0,0.0,72.0,216.0,216.0,216.0,288.0,360.0,432.0,432.0,432.0,432.0
P0096,2024Q4,2024Q3,2,exact,data center,Commercial,Inside,Contract for Electric Service,432,Q1 2028,,,,Y,,0.0,0.0,0.0,0.0,0.0,72.0,216.0,216.0,216.0,288.0,360.0,432.0,432.0,432.0,432.0
P0096,2025Q1,2024Q3,3,exact,data center,Commercial,Inside,Contract for Electric Service,432,Q1 2028,,,,,,0.0,0.0,0.0,0.0,0.0,72.0,216.0,216.0,216.0,288.0,360.0,432.0,432.0,432.0,432.0
P0096,2025Q2,2024Q3,4,exact,data center,Commercial,Inside,Contract for Electric Service,432,Q1 2028,,,,,,0.0,0.0,0.0,0.0,0.0,72.0,216.0,216.0,216.0,288.0,360.0,432.0,432.0,432.0,432.0
P0096,2025Q3,2024Q3,5,exact,data center,Commercial,Inside,Contract for Electric Service,432,Q1 2028,,,,,,0.0,0.0,0.0,0.0,0.0,72.0,216.0,288.0,360.0,432.0,432.0,432.0,432.0,432.0,432.0
P0096,2025Q4,2024Q3,6,exact,data center,Commercial,Inside,Contract for Electric Service,432,Q1 2028,,,,,,,,0.0,0.0,0.0,72.0,216.0,288.0,360.0,432.0,432.0,432.0,432.0,432.0,432.0
P0096,2026Q1,2024Q3,7,ramp_0.87,data center,Commercial,Inside,Technical Review,455,Q4 2027,,,,,,,,,0.0,5.0,95.0,365.0,455.0,455.0,455.0,455.0,455.0,455.0,455.0,455.0
P0097,2024Q3,2024Q3,1,new,data center,Commercial,Inside,Technical Review,600,Q4 2026,Y,,,,,0.0,0.0,0.0,10.0,163.0,294.0,425.0,557.0,600.0,600.0,600.0,600.0,600.0,600.0,600.0
P0097,2024Q4,2024Q3,2,ramp_0.83,data center,Commercial,Inside,Technical Review,725,Q4 2025,,,,,Y,0.0,0.0,5.0,77.0,245.0,365.0,485.0,605.0,725.0,725.0,725.0,725.0,725.0,725.0,725.0
P0097,2025Q1,2024Q3,3,exact,data center,Commercial,Inside,Technical Review,725,Q4 2025,,,,,,0.0,0.0,5.0,77.0,245.0,365.0,485.0,605.0,725.0,725.0,725.0,725.0,725.0,725.0,725.0
P0097,2025Q2,2024Q3,4,ramp_0.89,data center,Commercial,Inside,Technical Review,840,Q4 2026,Y,,,,,0.0,0.0,0.0,10.0,30.0,120.0,360.0,600.0,840.0,840.0,840.0,840.0,840.0,840.0,840.0
P0097,2025Q3,2024Q3,5,exact,data center,Commercial,Inside,Technical Review,840,Q4 2026,,,,,,0.0,0.0,0.0,10.0,30.0,120.0,360.0,600.0,840.0,840.0,840.0,840.0,840.0,840.0,840.0
P0097,2025Q4,2024Q3,6,ramp_0.83,manufacturing,Industrial,Multiple Sites,Technical Review,1020,Q4 2027,,,,,Y,,,0.0,0.0,5.5,10.5,500.0,500.0,1020.0,1020.0,1020.0,1020.0,1020.0,1020.0,1020.0
P0097,2026Q1,2024Q3,7,exact,manufacturing,Industrial,Multiple Sites,Technical Review,1020,Q4 2027,,,,,,,,,0.0,6.0,11.0,500.0,500.0,1020.0,1020.0,1020.0,1020.0,1020.0,1020.0,1020.0
P0098,2024Q3,2024Q3,1,new,data center,Commercial,Inside,Technical Review,650,Q1 2026,,,,,Y,0.0,0.0,0.0,120.0,191.0,247.0,303.0,359.0,415.0,471.0,527.0,583.0,650.0,650.0,650.0
P0098,2024Q4,2024Q3,2,exact,data center,Commercial,Inside,Technical Review,650,Q1 2026,,,,,,0.0,0.0,0.0,120.0,191.0,247.0,303.0,359.0,415.0,471.0,527.0,583.0,650.0,650.0,650.0
P0098,2025Q1,2024Q3,3,ramp_0.79,data center,Commercial,Inside,Technical Review,750,Q2 2028,Y,,,,,0.0,0.0,0.0,0.0,0.0,150.0,300.0,450.0,600.0,750.0,750.0,750.0,750.0,750.0,750.0
P0098,2025Q2,2024Q3,4,exact,data center,Commercial,Inside,Technical Review,750,Q2 2028,,,,,,0.0,0.0,0.0,0.0,0.0,150.0,300.0,450.0,600.0,750.0,750.0,750.0,750.0,750.0,750.0
P0098,2025Q3,2024Q3,5,ramp_0.97,data center,Commercial,Inside,Technical Review,750,Q4 2026,Y,,,,,0.0,0.0,0.0,200.0,300.0,350.0,400.0,450.0,500.0,625.0,750.0,750.0,750.0,750.0,750.0
P0098,2025Q4,2024Q3,6,ramp_0.92,data center,Commercial,Inside,Technical Review,750,Q4 2027,,,,,Y,,,0.0,0.0,250.0,350.0,450.0,600.0,750.0,750.0,750.0,750.0,750.0,750.0,750.0
P0099,2024Q3,2024Q3,1,new,data center,Commercial,Inside,Request for Service,432,Q4 2027,,,Y,,Y,0.0,0.0,0.0,0.0,10.0,60.0,108.0,216.0,324.0,432.0,432.0,432.0,432.0,432.0,432.0
P0099,2024Q4,2024Q3,2,exact,data center,Commercial,Inside,Request for Service,432,Q4 2027,,,,,,0.0,0.0,0.0,0.0,10.0,60.0,108.0,216.0,324.0,432.0,432.0,432.0,432.0,432.0,432.0
P0099,2025Q1,2024Q3,3,exact,data center,Commercial,Inside,Request for Service,432,Q4 2027,,,Y,,,0.0,0.0,0.0,0.0,47.0,154.0,221.0,328.0,432.0,432.0,432.0,432.0,432.0,432.0,432.0
P0099,2025Q2,2024Q3,4,exact,data center,Commercial,Inside,Request for Service,432,Q4 2027,,,,,,0.0,0.0,0.0,0.0,47.0,154.0,221.0,328.0,432.0,432.0,432.0,432.0,432.0,432.0,432.0
P0099,2025Q3,2024Q3,5,exact,data center,Commercial,Inside,Request for Service,432,Q4 2027,,,,,,0.0,0.0,0.0,0.0,47.0,154.0,221.0,328.0,432.0,432.0,432.0,432.0,432.0,432.0,432.0
P0099,2025Q4,2024Q3,6,exact,data center,Commercial,Inside,Technical Review,432,Q4 2027,,,Y,,Y,,,0.0,0.0,1.0,1.0,1.0,67.5,144.0,211.0,288.0,355.5,432.0,432.0,432.0
P0099,2026Q1,2024Q3,7,exact,data center,Commercial,Inside,Technical Review,432,Q4 2027,,,,,,,,,0.0,1.0,1.0,1.0,68.0,144.0,211.0,288.0,356.0,432.0,432.0,432.0
P0100,2024Q3,2024Q3,1,new,data center,Commercial,Inside,Technical Review,365,Q4 2026,Y,,,,,0.0,0.0,0.0,10.0,124.0,196.0,269.0,341.0,365.0,365.0,365.0,365.0,365.0,365.0,365.0
P0100,2024Q4,2024Q3,2,exact,data center,Commercial,Inside,Technical Review,365,Q4 2026,,,,,,0.0,0.0,0.0,10.0,124.0,196.0,269.0,341.0,365.0,365.0,365.0,365.0,365.0,365.0,365.0
P0100,2025Q1,2024Q3,3,exact,data center,Commercial,Inside,Technical Review,365,Q4 2026,,,,,,0.0,0.0,0.0,10.0,124.0,196.0,269.0,341.0,365.0,365.0,365.0,365.0,365.0,365.0,365.0
P0100,2025Q2,2024Q3,4,exact,data center,Commercial,Inside,Technical Review,365,Q4 2026,,,,,,0.0,0.0,0.0,10.0,124.0,196.0,269.0,341.0,365.0,365.0,365.0,365.0,365.0,365.0,365.0
P0100,2025Q3,2024Q3,5,exact,data center,Commercial,Inside,Technical Review,365,Q4 2026,,,,,,0.0,0.0,0.0,10.0,124.0,196.0,269.0,341.0,365.0,365.0,365.0,365.0,365.0,365.0,365.0
P0101,2024Q3,2024Q3,1,new,data center,Commercial,Inside,Technical Review,321,Q1 2025,,,Y,,Y,0.0,0.0,25.0,120.0,209.0,301.0,321.0,321.0,321.0,321.0,321.0,321.0,321.0,321.0,321.0
P0102,2024Q3,2024Q3,1,new,data center,Commercial,Outside,Request for Service,240,Q4 2025,,,,,Y,0.0,0.0,15.0,155.0,240.0,240.0,240.0,240.0,240.0,240.0,240.0,240.0,240.0,240.0,240.0
P0102,2024Q4,2024Q3,2,exact,data center,Commercial,Outside,Contract for Electric Service,240,Q4 2025,,,,Y,,0.0,0.0,15.0,155.0,240.0,240.0,240.0,240.0,240.0,240.0,240.0,240.0,240.0,240.0,240.0
P0102,2025Q1,2024Q3,3,exact,data center,Commercial,Outside,Contract for Electric Service,240,Q4 2025,,,Y,,,0.0,0.0,50.0,240.0,240.0,240.0,240.0,240.0,240.0,240.0,240.0,240.0,240.0,240.0,240.0
P0102,2025Q2,2024Q3,4,exact,data center,Commercial,Outside,Contract for Electric Service,240,Q4 2025,,,,,,0.0,0.0,50.0,240.0,240.0,240.0,240.0,240.0,240.0,240.0,240.0,240.0,240.0,240.0,240.0
P0102,2025Q3,2024Q3,5,exact,data center,Commercial,Outside,Contract for Electric Service,240,Q4 2025,,,Y,,,0.0,0.0,15.0,155.0,240.0,240.0,240.0,240.0,240.0,240.0,240.0,240.0,240.0,240.0,240.0
P0102,2025Q4,2024Q3,6,exact,data center,Commercial,Outside,Contract for Electric Service,240,Q4 2025,,,,,,,,15.0,155.0,240.0,240.0,240.0,240.0,240.0,240.0,240.0,240.0,240.0,240.0,240.0
P0102,2026Q1,2024Q3,7,exact,data center,Commercial,Outside,Contract for Electric Service,240,Q4 2025,,,,,,,,,155.0,240.0,240.0,240.0,240.0,240.0,240.0,240.0,240.0,240.0,240.0,240.0
P0103,2024Q3,2024Q3,1,new,data center,Commercial,Inside,Request for Service,225,Q4 2027,,Y,Y,,Y,0.0,0.0,0.0,0.0,75.0,150.0,225.0,225.0,225.0,225.0,225.0,225.0,225.0,225.0,225.0
P0103,2024Q4,2024Q3,2,exact,data center,Commercial,Inside,Request for Service,225,Q4 2027,,,,,,0.0,0.0,0.0,0.0,75.0,150.0,225.0,225.0,225.0,225.0,225.0,225.0,225.0,225.0,225.0
P0103,2025Q1,2024Q3,3,ramp_0.88,other,Industrial,Multiple Sites,Technical Review,245,Q4 2026,,,,,Y,0.0,0.0,0.0,85.0,85.0,245.0,245.0,245.0,245.0,245.0,245.0,245.0,245.0,245.0,245.0
P0104,2024Q3,2024Q3,1,new,data center,Commercial,Inside,Request for Service,180,Q2 2028,,,Y,,Y,0.0,0.0,0.0,0.0,0.0,180.0,180.0,180.0,180.0,180.0,180.0,180.0,180.0,180.0,180.0
P0104,2024Q4,2024Q3,2,exact,data center,Commercial,Inside,Request for Service,180,Q2 2028,,,,,,0.0,0.0,0.0,0.0,0.0,180.0,180.0,180.0,180.0,180.0,180.0,180.0,180.0,180.0,180.0
P0104,2025Q1,2024Q3,3,exact,data center,Commercial,Inside,Request for Service,180,Q2 2028,,,Y,,,0.0,0.0,0.0,72.0,180.0,180.0,180.0,180.0,180.0,180.0,180.0,180.0,180.0,180.0,180.0
P0104,2025Q2,2024Q3,4,exact,data center,Commercial,Inside,Request for Service,180,Q2 2028,,,,,,0.0,0.0,0.0,72.0,180.0,180.0,180.0,180.0,180.0,180.0,180.0,180.0,180.0,180.0,180.0
P0104,2025Q3,2024Q3,5,ramp_0.74,data center,Commercial,Inside,Technical Review,300,Q2 2028,,Y,Y,,,0.0,0.0,0.0,0.0,0.0,34.0,74.0,114.0,154.0,194.0,234.0,274.0,300.0,300.0,300.0
P0104,2025Q4,2024Q3,6,exact,data center,Commercial,Inside,Technical Review,300,Q2 2028,,,,,,,,0.0,0.0,0.0,34.0,74.0,114.0,154.0,194.0,234.0,274.0,300.0,300.0,300.0
P0104,2026Q1,2024Q3,7,exact,data center,Commercial,Inside,Request for Service,300,Q2 2028,,,Y,,Y,,,,0.0,0.0,100.0,200.0,300.0,300.0,300.0,300.0,300.0,300.0,300.0,300.0
P0105,2024Q3,2024Q3,1,new,data center,Commercial,Inside,Contract for Electric Service,150,Q4 2024,,,,,Y,0.0,20.0,140.0,150.0,150.0,150.0,150.0,150.0,150.0,150.0,150.0,150.0,150.0,150.0,150.0
P0105,2024Q4,2024Q3,2,exact,data center,Commercial,Inside,Contract for Electric Service,150,Q4 2024,,,,,,0.0,20.0,140.0,150.0,150.0,150.0,150.0,150.0,150.0,150.0,150.0,150.0,150.0,150.0,150.0
P0105,2025Q1,2024Q3,3,exact,data center,Commercial,Inside,Contract for Electric Service,150,Q4 2024,,,,,,0.0,20.0,140.0,150.0,150.0,150.0,150.0,150.0,150.0,150.0,150.0,150.0,150.0,150.0,150.0
P0105,2025Q2,2024Q3,4,exact,data center,Commercial,Inside,Contract for Electric Service,150,Q4 2024,,,,,,0.0,20.0,140.0,150.0,150.0,150.0,150.0,150.0,150.0,150.0,150.0,150.0,150.0,150.0,150.0
P0105,2025Q3,2024Q3,5,exact,data center,Commercial,Inside,Contract for Electric Service,150,Q4 2024,,,Y,,Y,0.0,20.0,140.0,150.0,150.0,150.0,150.0,150.0,150.0,150.0,150.0,150.0,150.0,150.0,150.0
P0106,2024Q3,2024Q3,1,new,data center,Commercial,Inside,Technical Review,597,Q4 2024,Y,,,,,0.0,2.0,10.0,119.0,239.0,358.0,477.0,597.0,597.0,597.0,597.0,597.0,597.0,597.0,597.0
P0106,2024Q4,2024Q3,2,ramp_0.83,data center,Commercial,Inside,Technical Review,750,Q1 2027,Y,,,,,0.0,0.0,0.0,0.0,250.0,350.0,450.0,600.0,750.0,750.0,750.0,750.0,750.0,750.0,750.0
P0106,2025Q1,2024Q3,3,ramp_0.78,data center,Commercial,Inside,Technical Review,910,Q4 2026,,Y,Y,,,0.0,0.0,0.0,100.0,370.0,550.0,730.0,910.0,910.0,910.0,910.0,910.0,910.0,910.0,910.0
P0106,2025Q2,2024Q3,4,ramp_1.00,data center,Commercial,Inside,Technical Review,910,Q4 2026,,,,,,0.0,0.0,0.0,100.0,370.0,550.0,730.0,910.0,910.0,910.0,910.0,910.0,910.0,910.0,910.0
P0106,2025Q3,2024Q3,5,ramp_1.00,data center,Commercial,Inside,Technical Review,910,Q4 2026,,,,,,0.0,0.0,0.0,25.0,350.0,550.0,750.0,910.0,910.0,910.0,910.0,910.0,910.0,910.0,910.0
P0106,2025Q4,2024Q3,6,ramp_0.83,data center,Commercial,Inside,Technical Review,1200,Q4 2027,,,Y,,,,,0.0,0.0,5.0,80.0,325.0,610.0,910.0,1170.0,1200.0,1200.0,1200.0,1200.0,1200.0
P0106,2026Q1,2024Q3,7,ramp_0.85,data center,Commercial,Outside,Technical Review,1400,Q2 2032,,Y,Y,,Y,,,,0.0,0.0,0.0,0.0,0.0,0.0,1400.0,1400.0,1400.0,1400.0,1400.0,1400.0
P0107,2024Q3,2024Q3,1,new,data center,Commercial,Inside,Technical Review,533,Q4 2027,,,Y,,Y,0.0,0.0,0.0,0.0,10.0,107.0,213.0,320.0,427.0,533.0,533.0,533.0,533.0,533.0,533.0
P0107,2024Q4,2024Q3,2,exact,data center,Commercial,Inside,Request for Service,228,Q4 2027,,Y,Y,Y,,0.0,0.0,0.0,0.0,10.0,107.0,228.0,228.0,228.0,228.0,228.0,228.0,228.0,228.0,228.0
P0107,2025Q1,2024Q3,3,ramp_0.93,data center,Commercial,Inside,Contract for Electric Service,240,Q1 2025,,,,,,0.0,0.0,21.0,50.0,96.0,155.0,214.0,240.0,240.0,240.0,240.0,240.0,240.0,240.0,240.0
P0107,2025Q2,2024Q3,4,exact,data center,Commercial,Inside,Contract for Electric Service,240,Q1 2025,,,,,,0.0,0.0,21.0,50.0,96.0,155.0,214.0,240.0,240.0,240.0,240.0,240.0,240.0,240.0,240.0
P0107,2025Q3,2024Q3,5,exact,data center,Commercial,Inside,Contract for Electric Service,240,Q1 2025,,,,,,0.0,0.0,21.0,50.0,96.0,155.0,214.0,240.0,240.0,240.0,240.0,240.0,240.0,240.0,240.0
P0107,2025Q4,2024Q3,6,exact,data center,Commercial,Inside,Contract for Electric Service,240,Q1 2025,,,,,,,,21.0,50.0,96.0,155.0,214.0,240.0,240.0,240.0,240.0,240.0,240.0,240.0,240.0
P0107,2026Q1,2024Q3,7,exact,data center,Commercial,Inside,Contract for Electric Service,240,Q1 2025,,,,,,,,,50.0,96.0,155.0,214.0,240.0,240.0,240.0,240.0,240.0,240.0,240.0,240.0
P0108,2024Q3,2024Q3,1,new,data center,Commercial,Inside,Request for Service,502,Q1 2028,,,Y,,Y,0.0,0.0,0.0,0.0,0.0,184.0,253.0,309.0,387.0,441.0,480.0,502.0,502.0,502.0,502.0
P0108,2024Q4,2024Q3,2,exact,data center,Commercial,Inside,Request for Service,502,Q1 2028,,,,,,0.0,0.0,0.0,0.0,0.0,184.0,253.0,309.0,387.0,441.0,480.0,502.0,502.0,502.0,502.0
P0108,2025Q1,2024Q3,3,exact,data center,Commercial,Inside,Request for Service,502,Q1 2028,,,,,,0.0,0.0,0.0,0.0,0.0,184.0,253.0,309.0,387.0,441.0,480.0,502.0,502.0,502.0,502.0
P0108,2025Q2,2024Q3,4,exact,data center,Commercial,Inside,Request for Service,502,Q1 2028,,,,,,0.0,0.0,0.0,0.0,0.0,184.0,253.0,309.0,387.0,441.0,480.0,502.0,502.0,502.0,502.0
P0108,2025Q3,2024Q3,5,exact,data center,Commercial,Inside,Request for Service,502,Q1 2028,,,,,,0.0,0.0,0.0,0.0,0.0,184.0,253.0,502.0,502.0,502.0,502.0,502.0,502.0,502.0,502.0
P0108,2025Q4,2024Q3,6,ramp_0.91,data center,Commercial,Inside,Technical Review,576,Q4 2027,,,,,Y,,,0.0,0.0,2.0,40.0,240.0,336.0,576.0,576.0,576.0,576.0,576.0,576.0,576.0
P0108,2026Q1,2024Q3,7,exact,data center,Commercial,Inside,Technical Review,576,Q4 2027,,,,,,,,,0.0,2.0,40.0,240.0,336.0,576.0,576.0,576.0,576.0,576.0,576.0,576.0
P0109,2024Q3,2024Q3,1,new,data center,Commercial,Inside,Technical Review,271,Q1 2027,,,,,Y,0.0,0.0,0.0,0.0,33.0,48.0,79.0,97.0,140.0,179.0,233.0,255.0,271.0,271.0,271.0
P0109,2024Q4,2024Q3,2,exact,data center,Commercial,Inside,Technical Review,271,Q1 2027,,,,,,0.0,0.0,0.0,0.0,33.0,48.0,79.0,97.0,140.0,179.0,233.0,255.0,271.0,271.0,271.0
P0110,2024Q3,2024Q3,1,new,data center,Commercial,Inside,Contract for Electric Service,145,Q4 2028,,,,,Y,0.0,0.0,0.0,0.0,0.0,97.0,104.0,145.0,145.0,145.0,145.0,145.0,145.0,145.0,145.0
P0110,2024Q4,2024Q3,2,exact,data center,Commercial,Inside,Contract for Electric Service,145,Q4 2028,,,,,,0.0,0.0,0.0,0.0,0.0,97.0,104.0,145.0,145.0,145.0,145.0,145.0,145.0,145.0,145.0
P0110,2025Q1,2024Q3,3,exact,data center,Commercial,Inside,Contract for Electric Service,145,Q4 2027,,,Y,,Y,0.0,0.0,0.0,0.0,97.0,104.0,145.0,145.0,145.0,145.0,145.0,145.0,145.0,145.0,145.0
P0110,2025Q2,2024Q3,4,exact,data center,Commercial,Inside,Contract for Electric Service,145,Q4 2027,,,,,,0.0,0.0,0.0,0.0,97.0,104.0,145.0,145.0,145.0,145.0,145.0,145.0,145.0,145.0,145.0
P0110,2025Q3,2024Q3,5,exact,data center,Commercial,Inside,Contract for Electric Service,145,Q4 2027,,,,,,0.0,0.0,0.0,0.0,97.0,104.0,145.0,145.0,145.0,145.0,145.0,145.0,145.0,145.0,145.0
P0110,2025Q4,2024Q3,6,exact,data center,Commercial,Inside,Contract for Electric Service,145,Q4 2027,,,Y,,,,,0.0,0.0,0.0,97.0,104.0,145.0,145.0,145.0,145.0,145.0,145.0,145.0,145.0
P0110,2026Q1,2024Q3,7,ramp_1.00,data center,Commercial,Inside,Contract for Electric Service,145,Q4 2028,,,,,Y,,,,0.0,0.0,97.0,104.0,145.0,145.0,145.0,145.0,145.0,145.0,145.0,145.0
P0111,2024Q4,2024Q4,1,new,data center,Commercial,Inside,Technical Review,1000,Q2 2026,,,,,,0.0,0.0,0.0,200.0,350.0,500.0,600.0,700.0,800.0,900.0,1000.0,1000.0,1000.0,1000.0,1000.0
P0111,2025Q1,2024Q4,2,ramp_0.86,data center,Commercial,Inside,Technical Review,1186,Q2 2028,,,,,Y,0.0,0.0,0.0,0.0,0.0,190.0,395.0,654.0,937.0,1186.0,1186.0,1186.0,1186.0,1186.0,1186.0
P0111,2025Q2,2024Q4,3,exact,data center,Commercial,Inside,Technical Review,1186,Q2 2028,,,,,,0.0,0.0,0.0,0.0,0.0,190.0,395.0,654.0,937.0,1186.0,1186.0,1186.0,1186.0,1186.0,1186.0
P0112,2024Q4,2024Q4,1,new,data center,Commercial,Inside,Technical Review,1000,Q1 2026,Y,,,,,0.0,0.0,0.0,4.0,137.0,322.0,507.0,692.0,877.0,1000.0,1000.0,1000.0,1000.0,1000.0,1000.0
P0112,2025Q1,2024Q4,2,ramp_0.84,data center,Commercial,Inside,Technical Review,1200,Q4 2025,Y,,,,,0.0,0.0,1.0,1.0,200.0,400.0,600.0,800.0,1000.0,1200.0,1200.0,1200.0,1200.0,1200.0,1200.0
P0112,2025Q2,2024Q4,3,ramp_0.98,data center,Commercial,Inside,Technical Review,1200,Q4 2027,Y,,,,,0.0,0.0,0.0,5.0,80.0,325.0,610.0,910.0,1170.0,1200.0,1200.0,1200.0,1200.0,1200.0,1200.0
P0112,2025Q3,2024Q4,4,exact,data center,Commercial,Inside,Technical Review,1200,Q4 2027,,,,,,0.0,0.0,0.0,5.0,80.0,325.0,610.0,910.0,1170.0,1200.0,1200.0,1200.0,1200.0,1200.0,1200.0
P0112,2025Q4,2024Q4,5,exact,data center,Commercial,Inside,Technical Review,1200,Q4 2027,Y,,,,,,,0.0,0.0,90.0,450.0,810.0,1200.0,1200.0,1200.0,1200.0,1200.0,1200.0,1200.0,1200.0
P0112,2026Q1,2024Q4,6,exact_noseg,data center,Commercial,Inside,Technical Review,1200,Q4 2027,,,,,,,,,0.0,90.0,450.0,810.0,1200.0,1200.0,1200.0,1200.0,1200.0,1200.0,1200.0,1200.0
P0113,2024Q4,2024Q4,1,new,data center,Commercial,Inside,Technical Review,910,Q4 2026,,,,,,0.0,0.0,0.0,100.0,370.0,550.0,730.0,910.0,910.0,910.0,910.0,910.0,910.0,910.0,910.0
P0113,2025Q1,2024Q4,2,ramp_0.98,data center,Commercial,Inside,Technical Review,1000,Q4 2026,,,,,Y,0.0,0.0,0.0,4.0,137.0,322.0,507.0,692.0,877.0,1000.0,1000.0,1000.0,1000.0,1000.0,1000.0
P0113,2025Q2,2024Q4,3,ramp_0.84,data center,Commercial,Inside,Technical Review,1200,Q4 2026,,,,,,0.0,0.0,0.0,1.0,20.0,400.0,600.0,800.0,1000.0,1200.0,1200.0,1200.0,1200.0,1200.0,1200.0
P0113,2025Q3,2024Q4,4,ramp_0.74,data center,Commercial,Inside,Technical Review,1500,Q4 2026,,Y,Y,Y,Y,0.0,0.0,0.0,10.0,505.0,755.0,1005.0,1255.0,1500.0,1500.0,1500.0,1500.0,1500.0,1500.0,1500.0
P0113,2025Q4,2024Q4,5,ramp_0.92,data center,Commercial,Inside,Technical Review,1600,Q2 2030,Y,,,,,,,0.0,0.0,0.0,0.0,0.0,1600.0,1600.0,1600.0,1600.0,1600.0,1600.0,1600.0,1600.0
P0113,2026Q1,2024Q4,6,exact,data center,Commercial,Inside,Technical Review,1600,Q2 2030,,Y,Y,,Y,,,,0.0,0.0,0.0,0.0,400.0,900.0,1300.0,1600.0,1600.0,1600.0,1600.0,1600.0
P0114,2024Q4,2024Q4,1,new,data center,Commercial,Inside,Technical Review,910,Q4 2026,,,,,,0.0,0.0,0.0,25.0,350.0,550.0,750.0,910.0,910.0,910.0,910.0,910.0,910.0,910.0,910.0
P0114,2025Q1,2024Q4,2,ramp_0.86,data center,Commercial,Inside,Technical Review,1150,Q4 2026,Y,,,,,0.0,0.0,0.0,25.0,100.0,350.0,550.0,750.0,950.0,1150.0,1150.0,1150.0,1150.0,1150.0,1150.0
P0114,2025Q2,2024Q4,3,exact,data center,Commercial,Inside,Technical Review,1150,Q4 2026,,,,,,0.0,0.0,0.0,25.0,100.0,350.0,550.0,750.0,950.0,1150.0,1150.0,1150.0,1150.0,1150.0,1150.0
P0115,2024Q4,2024Q4,1,new,data center,Commercial,Inside,Technical Review,500,Q4 2030,,,Y,,Y,0.0,0.0,0.0,0.0,0.0,0.0,0.0,100.0,200.0,350.0,400.0,500.0,500.0,500.0,500.0
P0115,2025Q1,2024Q4,2,exact,data center,Commercial,Inside,Technical Review,500,Q2 2030,,,,,Y,0.0,0.0,0.0,0.0,0.0,0.0,0.0,100.0,200.0,350.0,400.0,500.0,500.0,500.0,500.0
P0115,2025Q2,2024Q4,3,exact,data center,Commercial,Inside,Technical Review,500,Q2 2030,,,,,,0.0,0.0,0.0,0.0,0.0,0.0,0.0,100.0,200.0,350.0,400.0,500.0,500.0,500.0,500.0
P0116,2024Q4,2024Q4,1,new,data center,Commercial,Inside,Technical Review,460,Q1 2026,Y,,,,,0.0,0.0,0.0,2.0,91.0,187.0,283.0,380.0,460.0,460.0,460.0,460.0,460.0,460.0,460.0
P0116,2025Q1,2024Q4,2,ramp_0.75,data center,Commercial,Inside,Technical Review,600,Q4 2026,,,,,Y,0.0,0.0,0.0,1.0,10.0,200.0,400.0,600.0,600.0,600.0,600.0,600.0,600.0,600.0,600.0
P0116,2025Q2,2024Q4,3,ramp_0.87,data center,Commercial,Inside,Technical Review,725,Q4 2026,,,Y,,Y,0.0,0.0,0.0,5.0,77.0,245.0,365.0,485.0,605.0,725.0,725.0,725.0,725.0,725.0,725.0
P0116,2025Q3,2024Q4,4,exact_noseg,data center,Commercial,Inside,Technical Review,725,Q4 2026,Y,,,,,0.0,0.0,0.0,5.0,77.0,245.0,365.0,485.0,605.0,725.0,725.0,725.0,725.0,725.0,725.0
P0116,2025Q4,2024Q4,5,ramp_0.87,data center,Commercial,Inside,Technical Review,600,Q2 2028,Y,,,,,,,0.0,0.0,0.0,200.0,400.0,600.0,600.0,600.0,600.0,600.0,600.0,600.0,600.0
P0116,2026Q1,2024Q4,6,exact,data center,Commercial,Inside,Technical Review,600,Q2 2028,,,,,,,,,0.0,0.0,200.0,400.0,600.0,600.0,600.0,600.0,600.0,600.0,600.0,600.0
P0117,2024Q4,2024Q4,1,new,data center,Commercial,Inside,Technical Review,455,Q4 2025,,,,,Y,0.0,0.0,5.0,95.0,185.0,275.0,365.0,455.0,455.0,455.0,455.0,455.0,455.0,455.0,455.0
P0117,2025Q1,2024Q4,2,exact,data center,Commercial,Inside,Technical Review,455,Q4 2025,,,,,,0.0,0.0,5.0,95.0,185.0,275.0,365.0,455.0,455.0,455.0,455.0,455.0,455.0,455.0,455.0
P0117,2025Q2,2024Q4,3,ramp_0.83,data center,Commercial,Inside,Technical Review,597,Q4 2026,,,Y,,Y,0.0,0.0,0.0,2.0,10.0,119.0,239.0,358.0,477.0,597.0,597.0,597.0,597.0,597.0,597.0
P0118,2024Q4,2024Q4,1,new,data center,Commercial,Outside,Technical Review,450,Q2 2027,Y,,,,,0.0,0.0,0.0,0.0,75.0,150.0,225.0,300.0,375.0,450.0,450.0,450.0,450.0,450.0,450.0
P0118,2025Q1,2024Q4,2,exact,data center,Commercial,Outside,Technical Review,450,Q2 2027,,,,,,0.0,0.0,0.0,0.0,75.0,150.0,225.0,300.0,375.0,450.0,450.0,450.0,450.0,450.0,450.0
P0118,2025Q2,2024Q4,3,exact,data center,Commercial,Outside,Technical Review,450,Q2 2027,,,,,,0.0,0.0,0.0,0.0,75.0,150.0,225.0,300.0,375.0,450.0,450.0,450.0,450.0,450.0,450.0
P0118,2025Q3,2024Q4,4,exact,data center,Commercial,Outside,Technical Review,450,Q2 2027,,,,,,0.0,0.0,0.0,0.0,75.0,150.0,225.0,300.0,375.0,450.0,450.0,450.0,450.0,450.0,450.0
P0118,2025Q4,2024Q4,5,ramp_0.98,data center,Commercial,Inside,Technical Review,480,Q4 2027,,,Y,,Y,,,0.0,0.0,10.0,10.0,143.0,244.0,345.0,447.0,480.0,480.0,480.0,480.0,480.0
P0118,2026Q1,2024Q4,6,exact,data center,Commercial,Inside,Technical Review,480,Q4 2027,,,,,,,,,0.0,10.0,10.0,143.0,244.0,345.0,447.0,480.0,480.0,480.0,480.0,480.0
P0119,2024Q4,2024Q4,1,new,data center,Commercial,Inside,Technical Review,300,Q1 2026,Y,,,,,0.0,0.0,0.0,50.0,100.0,200.0,300.0,300.0,300.0,300.0,300.0,300.0,300.0,300.0,300.0
P0119,2025Q1,2024Q4,2,ramp_0.91,data center,Commercial,Inside,Technical Review,350,Q4 2026,Y,,,,,0.0,0.0,0.0,1.0,87.0,155.0,224.0,293.0,350.0,350.0,350.0,350.0,350.0,350.0,350.0
P0119,2025Q2,2024Q4,3,exact,data center,Commercial,Inside,Technical Review,350,Q4 2026,,,,,,0.0,0.0,0.0,1.0,87.0,155.0,224.0,293.0,350.0,350.0,350.0,350.0,350.0,350.0,350.0
P0120,2024Q4,2024Q4,1,new,data center,Commercial,Inside,Request for Service,285,Q4 2027,,,,,Y,0.0,0.0,0.0,0.0,100.0,200.0,285.0,285.0,285.0,285.0,285.0,285.0,285.0,285.0,285.0
P0120,2025Q1,2024Q4,2,exact,data center,Commercial,Inside,Request for Service,285,Q4 2027,,,,,,0.0,0.0,0.0,0.0,100.0,200.0,285.0,285.0,285.0,285.0,285.0,285.0,285.0,285.0,285.0
P0120,2025Q2,2024Q4,3,exact,data center,Commercial,Inside,Request for Service,285,Q4 2027,,,,,,0.0,0.0,0.0,0.0,100.0,200.0,285.0,285.0,285.0,285.0,285.0,285.0,285.0,285.0,285.0
P0120,2025Q3,2024Q4,4,exact,data center,Commercial,Inside,Request for Service,285,Q4 2027,,,,,,0.0,0.0,0.0,0.0,100.0,200.0,285.0,285.0,285.0,285.0,285.0,285.0,285.0,285.0,285.0
P0120,2025Q4,2024Q4,5,exact,data center,Commercial,Inside,Technical Review,300,Q4 2027,,,,,Y,,,0.0,0.0,50.0,150.0,250.0,300.0,300.0,300.0,300.0,300.0,300.0,300.0,300.0
P0120,2026Q1,2024Q4,6,exact,data center,Commercial,Inside,Technical Review,300,Q4 2027,,,,,,,,,0.0,50.0,150.0,250.0,300.0,300.0,300.0,300.0,300.0,300.0,300.0,300.0
P0121,2024Q4,2024Q4,1,new,data center,Commercial,Inside,Technical Review,250,Q4 2026,,,,,Y,0.0,0.0,0.0,75.0,150.0,200.0,250.0,250.0,250.0,250.0,250.0,250.0,250.0,250.0,250.0
P0121,2025Q1,2024Q4,2,exact_noseg,data center,Commercial,Inside,Technical Review,250,Q4 2026,,,,,,0.0,0.0,0.0,10.0,125.0,200.0,250.0,250.0,250.0,250.0,250.0,250.0,250.0,250.0,250.0
P0121,2025Q2,2024Q4,3,ramp_1.00,data center,Commercial,Inside,Technical Review,250,Q4 2026,,,,,,0.0,0.0,0.0,10.0,125.0,200.0,250.0,250.0,250.0,250.0,250.0,250.0,250.0,250.0,250.0
P0121,2025Q3,2024Q4,4,ramp_0.83,data center,Commercial,Inside,Technical Review,350,Q2 2028,,,,,,0.0,0.0,0.0,0.0,0.0,24.0,64.0,104.0,144.0,184.0,224.0,264.0,350.0,350.0,350.0
P0121,2025Q4,2024Q4,5,exact,data center,Commercial,Inside,Technical Review,350,Q2 2028,,,,,,,,0.0,0.0,0.0,24.0,64.0,104.0,144.0,184.0,224.0,264.0,350.0,350.0,350.0
P0121,2026Q1,2024Q4,6,exact,data center,Commercial,Inside,Technical Review,350,Q2 2028,,,,,,,,,0.0,0.0,24.0,64.0,104.0,144.0,184.0,224.0,264.0,350.0,350.0,350.0
P0122,2024Q4,2024Q4,1,new,data center,Commercial,Inside,Technical Review,243,Q4 2027,,,,,Y,0.0,0.0,0.0,0.0,39.0,63.0,115.0,167.0,208.0,243.0,243.0,243.0,243.0,243.0,243.0
P0122,2025Q1,2024Q4,2,ramp_0.92,data center,Commercial,Inside,Technical Review,243,Q3 2028,,,Y,,Y,0.0,0.0,0.0,0.0,0.0,39.0,63.0,115.0,167.0,208.0,243.0,243.0,243.0,243.0,243.0
P0122,2025Q2,2024Q4,3,exact,data center,Commercial,Inside,Technical Review,243,Q3 2028,,,,,,0.0,0.0,0.0,0.0,0.0,39.0,63.0,115.0,167.0,208.0,243.0,243.0,243.0,243.0,243.0
P0122,2025Q3,2024Q4,4,exact,data center,Commercial,Inside,Technical Review,243,Q3 2028,,,,,,0.0,0.0,0.0,0.0,0.0,39.0,63.0,115.0,167.0,208.0,243.0,243.0,243.0,243.0,243.0
P0122,2025Q4,2024Q4,5,ramp_0.75,data center,Commercial,Outside,Technical Review,250,Q4 2027,Y,,,,,,,0.0,0.0,25.0,200.0,250.0,250.0,250.0,250.0,250.0,250.0,250.0,250.0,250.0
P0122,2026Q1,2024Q4,6,ramp_0.77,data center,Commercial,Outside,Technical Review,360,Q4 2027,,,,,,,,,0.0,72.0,120.0,168.0,216.0,288.0,360.0,360.0,360.0,360.0,360.0,360.0
P0123,2024Q4,2024Q4,1,new,data center,Commercial,Inside,Technical Review,240,Q1 2026,Y,,,,,0.0,0.0,0.0,40.0,80.0,120.0,160.0,200.0,240.0,240.0,240.0,240.0,240.0,240.0,240.0
P0123,2025Q1,2024Q4,2,ramp_0.81,data center,Commercial,Inside,Technical Review,300,Q2 2027,,,,,,0.0,0.0,0.0,0.0,75.0,131.0,188.0,244.0,300.0,300.0,300.0,300.0,300.0,300.0,300.0
P0123,2025Q2,2024Q4,3,exact,data center,Commercial,Inside,Technical Review,300,Q2 2027,,,,,,0.0,0.0,0.0,0.0,75.0,131.0,188.0,244.0,300.0,300.0,300.0,300.0,300.0,300.0,300.0
P0123,2025Q3,2024Q4,4,exact,data center,Commercial,Inside,Technical Review,300,Q2 2027,,,Y,,,0.0,0.0,0.0,0.0,50.0,150.0,250.0,300.0,300.0,300.0,300.0,300.0,300.0,300.0,300.0
P0123,2025Q4,2024Q4,5,ramp_0.70,data center,Commercial,Inside,Technical Review,450,Q4 2027,,,Y,,Y,,,0.0,0.0,5.0,5.0,150.0,300.0,450.0,450.0,450.0,450.0,450.0,450.0,450.0
P0123,2026Q1,2024Q4,6,exact,data center,Commercial,Inside,Technical Review,450,Q4 2027,,,,,,,,,0.0,75.0,150.0,225.0,300.0,375.0,450.0,450.0,450.0,450.0,450.0,450.0
P0124,2024Q4,2024Q4,1,new,data center,Commercial,Inside,Technical Review,150,Q4 2027,,,,,Y,0.0,0.0,0.0,0.0,75.0,150.0,150.0,150.0,150.0,150.0,150.0,150.0,150.0,150.0,150.0
P0124,2025Q1,2024Q4,2,exact,data center,Commercial,Inside,Technical Review,150,Q4 2027,,,,,,0.0,0.0,0.0,0.0,75.0,150.0,150.0,150.0,150.0,150.0,150.0,150.0,150.0,150.0,150.0
P0124,2025Q2,2024Q4,3,exact,data center,Commercial,Inside,Technical Review,150,Q4 2027,,,,,,0.0,0.0,0.0,0.0,75.0,150.0,150.0,150.0,150.0,150.0,150.0,150.0,150.0,150.0,150.0
P0124,2025Q3,2024Q4,4,exact,data center,Commercial,Inside,Technical Review,150,Q4 2027,,,,,,0.0,0.0,0.0,0.0,75.0,150.0,150.0,150.0,150.0,150.0,150.0,150.0,150.0,150.0,150.0
P0125,2024Q4,2024Q4,1,new,data center,Commercial,Inside,Technical Review,144,Q4 2027,,,,,Y,0.0,0.0,0.0,0.0,36.0,72.0,108.0,144.0,144.0,144.0,144.0,144.0,144.0,144.0,144.0
P0125,2025Q1,2024Q4,2,ramp_0.75,data center,Commercial,Inside,Technical Review,200,Q2 2028,,Y,Y,,Y,0.0,0.0,0.0,0.0,0.0,50.0,100.0,150.0,200.0,200.0,200.0,200.0,200.0,200.0,200.0
P0126,2024Q4,2024Q4,1,new,data center,Commercial,Inside,Technical Review,130,Q4 2025,,,Y,,Y,0.0,0.0,5.0,5.0,68.0,130.0,130.0,130.0,130.0,130.0,130.0,130.0,130.0,130.0,130.0
P0126,2025Q1,2024Q4,2,exact,data center,Commercial,Inside,Technical Review,130,Q4 2025,,,,,,0.0,0.0,5.0,5.0,68.0,130.0,130.0,130.0,130.0,130.0,130.0,130.0,130.0,130.0,130.0
P0126,2025Q2,2024Q4,3,ramp_0.97,data center,Commercial,Inside,Technical Review,130,Q1 2028,,,Y,,Y,0.0,0.0,0.0,0.0,0.0,130.0,130.0,130.0,130.0,130.0,130.0,130.0,130.0,130.0,130.0
P0127,2024Q4,2024Q4,1,new,manufacturing,Industrial,Inside,Technical Review,80,Q4 2025,,,Y,,Y,0.0,0.0,5.0,40.0,40.0,80.0,80.0,80.0,80.0,80.0,80.0,80.0,80.0,80.0,80.0
P0127,2025Q1,2024Q4,2,exact_noseg,manufacturing,Industrial,Inside,Technical Review,80,Q4 2025,,Y,Y,,,0.0,0.0,10.0,80.0,80.0,80.0,80.0,80.0,80.0,80.0,80.0,80.0,80.0,80.0,80.0
P0127,2025Q2,2024Q4,3,ramp_0.77,other,Commercial,Inside,Technical Review,140,Q4 2026,,,Y,,Y,0.0,0.0,0.0,4.0,25.0,45.0,65.0,65.0,100.0,100.0,100.0,100.0,120.0,140.0,140.0
P0128,2024Q4,2024Q4,1,new,data center,Commercial,Inside,Technical Review,1000,Q4 2025,,,,,Y,0.0,0.0,5.0,15.0,250.0,500.0,750.0,1000.0,1000.0,1000.0,1000.0,1000.0,1000.0,1000.0,1000.0
P0128,2025Q1,2024Q4,2,ramp_0.80,data center,Commercial,Inside,Technical Review,1200,Q4 2026,,,Y,,Y,0.0,0.0,0.0,400.0,600.0,800.0,1000.0,1200.0,1200.0,1200.0,1200.0,1200.0,1200.0,1200.0,1200.0
P0128,2025Q2,2024Q4,3,exact_noseg,data center,Commercial,Inside,Technical Review,1200,Q4 2026,Y,,,,,0.0,0.0,0.0,10.0,120.0,600.0,1080.0,1200.0,1200.0,1200.0,1200.0,1200.0,1200.0,1200.0,1200.0
P0128,2025Q3,2024Q4,4,ramp_0.81,data center,Commercial,Inside,Technical Review,1520,Q4 2026,,,,Y,Y,0.0,0.0,0.0,140.0,280.0,560.0,1040.0,1520.0,1520.0,1520.0,1520.0,1520.0,1520.0,1520.0,1520.0
P0128,2025Q4,2024Q4,5,ramp_0.93,data center,Commercial,Outside,Technical Review,2000,Q2 2028,Y,,,,,,,0.0,0.0,0.0,250.0,500.0,750.0,1000.0,1250.0,1500.0,1750.0,2000.0,2000.0,2000.0
P0128,2026Q1,2024Q4,6,exact_noseg,data center,Commercial,Outside,Technical Review,2000,Q2 2028,,,,,,,,,0.0,0.0,250.0,500.0,750.0,1000.0,1250.0,1500.0,1750.0,2000.0,2000.0,2000.0
P0129,2025Q1,2025Q1,1,new,data center,Commercial,Inside,Technical Review,910,Q4 2026,,,,,,0.0,0.0,0.0,25.0,350.0,550.0,750.0,910.0,910.0,910.0,910.0,910.0,910.0,910.0,910.0
P0129,2025Q2,2025Q1,2,ramp_0.95,data center,Commercial,Inside,Technical Review,1000,Q4 2026,,,,,,0.0,0.0,0.0,1.0,12.0,300.0,600.0,900.0,1000.0,1000.0,1000.0,1000.0,1000.0,1000.0,1000.0
P0129,2025Q3,2025Q1,3,exact_noseg,data center,Commercial,Inside,Technical Review,648,Q4 2026,,,,,,0.0,0.0,0.0,1.0,150.0,350.0,550.0,648.0,648.0,648.0,648.0,648.0,648.0,648.0,648.0
P0129,2025Q4,2025Q1,4,ramp_0.93,data center,Commercial,Inside,Technical Review,600,Q4 2027,Y,,,,,,,0.0,0.0,60.0,300.0,540.0,600.0,600.0,600.0,600.0,600.0,600.0,600.0,600.0
P0129,2026Q1,2025Q1,5,ramp_0.71,data center,Commercial,Inside,Technical Review,840,Q2 2029,,,Y,,Y,,,,0.0,0.0,0.0,840.0,840.0,840.0,840.0,840.0,840.0,840.0,840.0,840.0
P0130,2025Q1,2025Q1,1,new,data center,Commercial,Inside,Technical Review,750,Q4 2026,Y,,,,,0.0,0.0,0.0,400.0,750.0,750.0,750.0,750.0,750.0,750.0,750.0,750.0,750.0,750.0,750.0
P0130,2025Q2,2025Q1,2,exact,data center,Commercial,Inside,Technical Review,750,Q4 2026,,,,,,0.0,0.0,0.0,400.0,750.0,750.0,750.0,750.0,750.0,750.0,750.0,750.0,750.0,750.0,750.0
P0130,2025Q3,2025Q1,3,exact,data center,Commercial,Inside,Technical Review,750,Q4 2026,,,,,,0.0,0.0,0.0,1.0,150.0,350.0,550.0,750.0,750.0,750.0,750.0,750.0,750.0,750.0,750.0
P0130,2025Q4,2025Q1,4,ramp_0.85,data center,Commercial,Inside,Technical Review,910,Q4 2027,,,Y,,Y,,,0.0,0.0,25.0,350.0,550.0,750.0,910.0,910.0,910.0,910.0,910.0,910.0,910.0
P0130,2026Q1,2025Q1,5,ramp_0.81,data center,Commercial,Inside,Technical Review,1200,Q4 2027,,,,,,,,,0.0,5.0,80.0,325.0,610.0,910.0,1170.0,1200.0,1200.0,1200.0,1200.0,1200.0
P0131,2025Q1,2025Q1,1,new,data center,Commercial,Inside,Technical Review,600,Q4 2026,Y,,,,,0.0,0.0,0.0,1.0,60.0,102.0,204.0,300.0,414.0,510.0,558.0,600.0,600.0,600.0,600.0
P0131,2025Q2,2025Q1,2,exact_noseg,data center,Commercial,Inside,Technical Review,600,Q4 2026,,,,,,0.0,0.0,0.0,1.0,60.0,102.0,204.0,300.0,414.0,510.0,558.0,600.0,600.0,600.0,600.0
P0131,2025Q3,2025Q1,3,exact_noseg,data center,Commercial,Inside,Technical Review,600,Q4 2026,,,,,,0.0,0.0,0.0,1.0,60.0,102.0,204.0,300.0,414.0,510.0,558.0,600.0,600.0,600.0,600.0
P0132,2025Q1,2025Q1,1,new,data center,Commercial,Inside,Technical Review,600,Q4 2025,Y,,,,,0.0,0.0,5.0,50.0,100.0,200.0,300.0,400.0,500.0,600.0,600.0,600.0,600.0,600.0,600.0
P0132,2025Q2,2025Q1,2,ramp_0.93,data center,Commercial,Inside,Technical Review,600,Q4 2026,,,,,,0.0,0.0,0.0,1.0,10.0,200.0,400.0,600.0,600.0,600.0,600.0,600.0,600.0,600.0,600.0
P0132,2025Q3,2025Q1,3,exact_noseg,data center,Commercial,Inside,Technical Review,600,Q4 2026,,,Y,,,0.0,0.0,0.0,10.0,163.0,294.0,425.0,557.0,600.0,600.0,600.0,600.0,600.0,600.0,600.0
P0132,2025Q4,2025Q1,4,ramp_0.96,data center,Commercial,Inside,Technical Review,648,Q4 2027,,,Y,,Y,,,0.0,0.0,1.0,50.0,250.0,450.0,648.0,648.0,648.0,648.0,648.0,648.0,648.0
P0132,2026Q1,2025Q1,5,ramp_1.00,data center,Commercial,Inside,Technical Review,648,Q4 2027,,,,,,,,,0.0,1.0,50.0,250.0,450.0,648.0,648.0,648.0,648.0,648.0,648.0,648.0
P0133,2025Q1,2025Q1,1,new,data center,Commercial,Inside,Technical Review,600,Q4 2026,,,,,Y,0.0,0.0,0.0,10.0,163.0,294.0,425.0,557.0,600.0,600.0,600.0,600.0,600.0,600.0,600.0
P0133,2025Q2,2025Q1,2,ramp_0.82,data center,Commercial,Inside,Technical Review,750,Q2 2027,,,,,,0.0,0.0,0.0,0.0,250.0,350.0,450.0,600.0,750.0,750.0,750.0,750.0,750.0,750.0,750.0
P0133,2025Q3,2025Q1,3,ramp_1.00,data center,Commercial,Inside,Technical Review,750,Q2 2027,,,,,,0.0,0.0,0.0,0.0,250.0,350.0,450.0,600.0,750.0,750.0,750.0,750.0,750.0,750.0,750.0
P0133,2025Q4,2025Q1,4,ramp_0.83,data center,Commercial,Inside,Technical Review,910,Q4 2027,,Y,Y,,Y,,,0.0,0.0,100.0,370.0,550.0,730.0,910.0,910.0,910.0,910.0,910.0,910.0,910.0
P0133,2026Q1,2025Q1,5,ramp_0.83,data center,Commercial,Inside,Technical Review,1200,Q4 2027,,,,,,,,,0.0,150.0,200.0,400.0,600.0,800.0,1000.0,1200.0,1200.0,1200.0,1200.0,1200.0
P0134,2025Q1,2025Q1,1,new,data center,Commercial,Inside,Technical Review,500,Q4 2026,,Y,Y,,Y,0.0,0.0,0.0,200.0,250.0,350.0,450.0,500.0,500.0,500.0,500.0,500.0,500.0,500.0,500.0
P0134,2025Q2,2025Q1,2,exact,data center,Commercial,Inside,Technical Review,500,Q4 2026,Y,,,,,0.0,0.0,0.0,5.0,205.0,405.0,500.0,500.0,500.0,500.0,500.0,500.0,500.0,500.0,500.0
P0134,2025Q3,2025Q1,3,ramp_0.71,data center,Commercial,Inside,Technical Review,750,Q2 2027,,,Y,,Y,0.0,0.0,0.0,0.0,250.0,350.0,450.0,600.0,750.0,750.0,750.0,750.0,750.0,750.0,750.0
P0134,2025Q4,2025Q1,4,ramp_0.95,data center,Commercial,Inside,Technical Review,840,Q4 2027,,,Y,,Y,,,0.0,0.0,10.0,30.0,120.0,360.0,600.0,840.0,840.0,840.0,840.0,840.0,840.0
P0134,2026Q1,2025Q1,5,ramp_0.72,data center,Commercial,Inside,Technical Review,1000,Q2 2028,Y,,,,,,,,0.0,0.0,250.0,650.0,1000.0,1000.0,1000.0,1000.0,1000.0,1000.0,1000.0,1000.0
P0135,2025Q1,2025Q1,1,new,data center,Commercial,Multiple Sites,Technical Review,500,Q4 2026,,,,,Y,0.0,0.0,0.0,100.0,100.0,500.0,500.0,500.0,500.0,500.0,500.0,500.0,500.0,500.0,500.0
P0135,2025Q2,2025Q1,2,ramp_0.87,data center,Commercial,Outside,Technical Review,600,Q4 2026,,,Y,,Y,0.0,0.0,0.0,10.0,120.0,312.0,505.0,600.0,600.0,600.0,600.0,600.0,600.0,600.0,600.0
P0135,2025Q3,2025Q1,3,exact,data center,Commercial,Outside,Technical Review,600,Q4 2026,,,,,,0.0,0.0,0.0,10.0,120.0,312.0,505.0,600.0,600.0,600.0,600.0,600.0,600.0,600.0,600.0
P0135,2025Q4,2025Q1,4,ramp_0.94,data center,Commercial,Inside,Technical Review,750,Q4 2027,,,Y,,Y,,,0.0,0.0,200.0,300.0,350.0,400.0,450.0,500.0,625.0,750.0,750.0,750.0,750.0
P0135,2026Q1,2025Q1,5,ramp_0.70,data center,Commercial,Inside,Technical Review,910,Q4 2027,,,,,,,,,0.0,25.0,350.0,550.0,750.0,910.0,910.0,910.0,910.0,910.0,910.0,910.0
P0136,2025Q1,2025Q1,1,new,data center,Commercial,Inside,Technical Review,470,Q2 2027,,,,,Y,0.0,0.0,0.0,0.0,75.0,157.0,259.0,371.0,470.0,470.0,470.0,470.0,470.0,470.0,470.0
P0136,2025Q2,2025Q1,2,exact,data center,Commercial,Inside,Technical Review,470,Q2 2027,,,,,,0.0,0.0,0.0,0.0,75.0,157.0,259.0,371.0,470.0,470.0,470.0,470.0,470.0,470.0,470.0
P0137,2025Q1,2025Q1,1,new,data center,Commercial,Inside,Technical Review,455,Q4 2026,Y,,,,,0.0,0.0,0.0,5.0,95.0,365.0,455.0,455.0,455.0,455.0,455.0,455.0,455.0,455.0,455.0
P0137,2025Q2,2025Q1,2,exact,data center,Commercial,Inside,Technical Review,455,Q4 2026,,,Y,,Y,0.0,0.0,0.0,95.0,185.0,275.0,365.0,455.0,455.0,455.0,455.0,455.0,455.0,455.0,455.0
P0137,2025Q3,2025Q1,3,ramp_0.94,data center,Commercial,Inside,Technical Review,480,Q2 2027,,,Y,,,0.0,0.0,0.0,0.0,10.0,143.0,244.0,345.0,447.0,480.0,480.0,480.0,480.0,480.0,480.0
P0137,2025Q4,2025Q1,4,ramp_0.97,data center,Commercial,Inside,Request for Service,502,Q3 2029,,,Y,,Y,,,0.0,0.0,0.0,0.0,184.0,253.0,502.0,502.0,502.0,502.0,502.0,502.0,502.0
P0137,2026Q1,2025Q1,5,ramp_0.92,data center,Commercial,Inside,Request for Service,502,Q2 2028,,,Y,,Y,,,,0.0,0.0,184.0,253.0,502.0,502.0,502.0,502.0,502.0,502.0,502.0,502.0
P0138,2025Q1,2025Q1,1,new,data center,Commercial,Inside,Technical Review,200,Q2 2027,,,,,Y,0.0,0.0,0.0,0.0,40.0,80.0,160.0,200.0,200.0,200.0,200.0,200.0,200.0,200.0,200.0
P0138,2025Q2,2025Q1,2,ramp_0.93,data center,Commercial,Inside,Technical Review,200,Q2 2028,,,,,,0.0,0.0,0.0,0.0,0.0,50.0,100.0,150.0,200.0,200.0,200.0,200.0,200.0,200.0,200.0
P0138,2025Q3,2025Q1,3,exact,data center,Commercial,Inside,Technical Review,200,Q2 2028,,,,,,0.0,0.0,0.0,0.0,0.0,50.0,100.0,150.0,200.0,200.0,200.0,200.0,200.0,200.0,200.0
P0139,2025Q1,2025Q1,1,new,data center,Commercial,Inside,Technical Review,200,Q2 2027,,,,,Y,0.0,0.0,0.0,0.0,200.0,200.0,200.0,200.0,200.0,200.0,200.0,200.0,200.0,200.0,200.0
P0139,2025Q2,2025Q1,2,exact_noseg,data center,Commercial,Inside,Technical Review,200,Q2 2027,,,,,,0.0,0.0,0.0,0.0,200.0,200.0,200.0,200.0,200.0,200.0,200.0,200.0,200.0,200.0,200.0
P0139,2025Q3,2025Q1,3,exact,data center,Commercial,Inside,Technical Review,200,Q2 2027,Y,,,,,0.0,0.0,0.0,0.0,200.0,200.0,200.0,200.0,200.0,200.0,200.0,200.0,200.0,200.0,200.0
P0140,2025Q1,2025Q1,1,new,data center,Commercial,Inside,Technical Review,180,Q4 2027,Y,,,,,0.0,0.0,0.0,0.0,63.0,126.0,180.0,180.0,180.0,180.0,180.0,180.0,180.0,180.0,180.0
P0140,2025Q2,2025Q1,2,exact,data center,Commercial,Inside,Technical Review,180,Q4 2027,,,,,,0.0,0.0,0.0,0.0,63.0,126.0,180.0,180.0,180.0,180.0,180.0,180.0,180.0,180.0,180.0
P0140,2025Q3,2025Q1,3,ramp_0.74,data center,Commercial,Inside,Technical Review,250,Q4 2027,,,,,,0.0,0.0,0.0,0.0,75.0,150.0,200.0,250.0,250.0,250.0,250.0,250.0,250.0,250.0,250.0
P0140,2025Q4,2025Q1,4,exact,data center,Commercial,Inside,Technical Review,230,Q4 2027,,Y,Y,,,,,0.0,0.0,192.0,230.0,230.0,230.0,230.0,230.0,230.0,230.0,230.0,230.0,230.0
P0140,2026Q1,2025Q1,5,ramp_0.75,data center,Commercial,Inside,Technical Review,325,Q2 2028,,,,,,,,,0.0,0.0,95.0,185.0,325.0,325.0,325.0,325.0,325.0,325.0,325.0,325.0
P0141,2025Q1,2025Q1,1,new,data center,Commercial,Inside,Technical Review,180,Q2 2027,Y,,,,,0.0,0.0,0.0,0.0,48.0,96.0,180.0,180.0,180.0,180.0,180.0,180.0,180.0,180.0,180.0
P0141,2025Q2,2025Q1,2,exact,data center,Commercial,Inside,Technical Review,180,Q2 2027,,,,,,0.0,0.0,0.0,0.0,48.0,96.0,180.0,180.0,180.0,180.0,180.0,180.0,180.0,180.0,180.0
P0141,2025Q3,2025Q1,3,ramp_0.97,data center,Commercial,Inside,Contract for Electric Service,180,Q3 2026,,,Y,,Y,0.0,0.0,0.0,60.0,120.0,120.0,120.0,180.0,180.0,180.0,180.0,180.0,180.0,180.0,180.0
P0141,2025Q4,2025Q1,4,ramp_0.86,data center,Commercial,Inside,Technical Review,243,Q3 2029,,,Y,,Y,,,0.0,0.0,0.0,0.0,39.0,63.0,115.0,167.0,208.0,243.0,243.0,243.0,243.0
P0141,2026Q1,2025Q1,5,ramp_0.97,data center,Commercial,Inside,Request for Service,233,Q2 2030,,Y,Y,,Y,,,,0.0,0.0,0.0,0.0,10.0,107.0,233.0,233.0,233.0,233.0,233.0,233.0
P0142,2025Q1,2025Q1,1,new,data center,Commercial,Inside,Technical Review,144,Q2 2027,,,,,Y,0.0,0.0,0.0,0.0,36.0,72.0,108.0,144.0,144.0,144.0,144.0,144.0,144.0,144.0,144.0
P0142,2025Q2,2025Q1,2,exact,data center,Commercial,Inside,Technical Review,144,Q2 2027,,,,,,0.0,0.0,0.0,0.0,36.0,72.0,108.0,144.0,144.0,144.0,144.0,144.0,144.0,144.0,144.0
P0142,2025Q3,2025Q1,3,exact,data center,Commercial,Inside,Technical Review,144,Q2 2027,,,,,,0.0,0.0,0.0,0.0,36.0,72.0,108.0,144.0,144.0,144.0,144.0,144.0,144.0,144.0,144.0
P0143,2025Q1,2025Q1,1,new,data center,Commercial,Outside,Technical Review,144,Q4 2026,Y,,,,,0.0,0.0,0.0,12.0,84.0,144.0,144.0,144.0,144.0,144.0,144.0,144.0,144.0,144.0,144.0
P0143,2025Q2,2025Q1,2,exact,data center,Commercial,Outside,Technical Review,144,Q4 2026,,,,,,0.0,0.0,0.0,12.0,84.0,144.0,144.0,144.0,144.0,144.0,144.0,144.0,144.0,144.0,144.0
P0143,2025Q3,2025Q1,3,exact,data center,Commercial,Outside,Technical Review,144,Q4 2026,,,,,,0.0,0.0,0.0,12.0,84.0,144.0,144.0,144.0,144.0,144.0,144.0,144.0,144.0,144.0,144.0
P0143,2025Q4,2025Q1,4,ramp_0.71,data center,Commercial,Inside,Technical Review,216,Q2 2029,Y,,,,,,,0.0,0.0,0.0,0.0,72.0,144.0,204.0,216.0,216.0,216.0,216.0,216.0,216.0
P0143,2026Q1,2025Q1,5,exact,data center,Commercial,Inside,Technical Review,216,Q2 2029,,,,,,,,,0.0,0.0,0.0,72.0,144.0,204.0,216.0,216.0,216.0,216.0,216.0,216.0
P0144,2025Q1,2025Q1,1,new,other,Commercial,Inside,Technical Review,140,Q4 2025,Y,,,,,0.0,0.0,4.0,25.0,45.0,65.0,65.0,100.0,100.0,100.0,100.0,120.0,140.0,140.0,140.0
P0144,2025Q2,2025Q1,2,ramp_0.91,other,Commercial,Inside,Technical Review,150,Q4 2026,,,Y,,Y,0.0,0.0,0.0,25.0,25.0,50.0,50.0,100.0,100.0,125.0,125.0,150.0,150.0,150.0,150.0
P0144,2025Q3,2025Q1,3,exact,other,Commercial,Inside,Technical Review,150,Q4 2026,,,,,,0.0,0.0,0.0,25.0,25.0,50.0,50.0,100.0,100.0,125.0,125.0,150.0,150.0,150.0,150.0
P0144,2025Q4,2025Q1,4,ramp_0.96,data center,Commercial,Outside,Technical Review,144,Q2 2029,,,Y,,Y,,,0.0,0.0,0.0,0.0,12.0,84.0,144.0,144.0,144.0,144.0,144.0,144.0,144.0
P0144,2026Q1,2025Q1,5,exact,data center,Commercial,Outside,Technical Review,144,Q2 2029,,,,,,,,,0.0,0.0,0.0,12.0,84.0,144.0,144.0,144.0,144.0,144.0,144.0,144.0
P0145,2025Q1,2025Q1,1,new,data center,Commercial,Multiple Sites,Technical Review,130,Q2 2029,,,,,Y,0.0,0.0,0.0,0.0,0.0,0.0,30.0,80.0,130.0,130.0,130.0,130.0,130.0,130.0,130.0
P0145,2025Q2,2025Q1,2,exact,data center,Commercial,Multiple Sites,Technical Review,130,Q2 2029,,,,,,0.0,0.0,0.0,0.0,0.0,0.0,30.0,80.0,130.0,130.0,130.0,130.0,130.0,130.0,130.0
P0145,2025Q3,2025Q1,3,ramp_0.78,data center,Commercial,Inside,Technical Review,130,Q1 2028,,,,,,0.0,0.0,0.0,0.0,0.0,130.0,130.0,130.0,130.0,130.0,130.0,130.0,130.0,130.0,130.0
P0146,2025Q1,2025Q1,1,new,other,Industrial,Multiple Sites,Technical Review,118,Q2 2027,,,,,Y,0.0,0.0,0.0,0.0,118.0,118.0,118.0,118.0,118.0,118.0,118.0,118.0,118.0,118.0,118.0
P0146,2025Q2,2025Q1,2,exact,other,Industrial,Multiple Sites,Technical Review,118,Q2 2027,,,,,,0.0,0.0,0.0,0.0,118.0,118.0,118.0,118.0,118.0,118.0,118.0,118.0,118.0,118.0,118.0
P0146,2025Q3,2025Q1,3,exact,other,Industrial,Multiple Sites,Technical Review,118,Q2 2027,,,,,,0.0,0.0,0.0,0.0,118.0,118.0,118.0,118.0,118.0,118.0,118.0,118.0,118.0,118.0,118.0
P0147,2025Q1,2025Q1,1,new,other,Industrial,Multiple Sites,Technical Review,47,Q2 2029,Y,,,,,0.0,0.0,0.0,0.0,0.0,0.0,23.0,47.0,47.0,47.0,47.0,47.0,47.0,47.0,47.0
P0147,2025Q2,2025Q1,2,exact,other,Industrial,Multiple Sites,Technical Review,47,Q2 2029,,,,,,0.0,0.0,0.0,0.0,0.0,0.0,23.0,47.0,47.0,47.0,47.0,47.0,47.0,47.0,47.0
P0147,2025Q3,2025Q1,3,ramp_1.00,other,Industrial,Inside,Technical Review,47,Q2 2029,,,,,,0.0,0.0,0.0,0.0,0.0,0.0,23.0,47.0,47.0,47.0,47.0,47.0,47.0,47.0,47.0
P0148,2025Q2,2025Q2,1,new,data center,Commercial,Outside,Technical Review,540,Q2 2030,Y,,,,,0.0,0.0,0.0,0.0,0.0,0.0,0.0,400.0,540.0,540.0,540.0,540.0,540.0,540.0,540.0
P0148,2025Q3,2025Q2,2,exact,data center,Commercial,Outside,Technical Review,550,Q2 2030,,,,,,0.0,0.0,0.0,0.0,0.0,0.0,0.0,400.0,550.0,550.0,550.0,550.0,550.0,550.0,550.0
P0148,2025Q4,2025Q2,3,exact,data center,Commercial,Outside,Technical Review,550,Q2 2030,,,,,,,,0.0,0.0,0.0,0.0,0.0,400.0,550.0,550.0,550.0,550.0,550.0,550.0,550.0
P0149,2025Q2,2025Q2,1,new,data center,Commercial,Inside,Technical Review,500,Q4 2026,,,,,,0.0,0.0,0.0,200.0,250.0,350.0,450.0,500.0,500.0,500.0,500.0,500.0,500.0,500.0,500.0
P0149,2025Q3,2025Q2,2,ramp_0.86,data center,Commercial,Inside,Technical Review,600,Q4 2026,,,Y,,,0.0,0.0,0.0,1.0,10.0,200.0,400.0,600.0,600.0,600.0,600.0,600.0,600.0,600.0,600.0
P0149,2025Q4,2025Q2,3,ramp_0.92,data center,Commercial,Inside,Technical Review,725,Q4 2027,,,Y,,Y,,,0.0,0.0,5.0,77.0,245.0,365.0,485.0,605.0,725.0,725.0,725.0,725.0,725.0
P0149,2026Q1,2025Q2,4,ramp_1.00,data center,Commercial,Inside,Technical Review,725,Q4 2027,,,,,,,,,0.0,5.0,77.0,245.0,365.0,485.0,605.0,725.0,725.0,725.0,725.0,725.0
P0150,2025Q2,2025Q2,1,new,data center,Commercial,Inside,Technical Review,500,Q4 2026,,,,,,0.0,0.0,0.0,200.0,250.0,350.0,450.0,500.0,500.0,500.0,500.0,500.0,500.0,500.0,500.0
P0150,2025Q3,2025Q2,2,ramp_0.92,data center,Commercial,Inside,Technical Review,576,Q2 2027,,,,,,0.0,0.0,0.0,0.0,2.0,40.0,240.0,336.0,576.0,576.0,576.0,576.0,576.0,576.0,576.0
P0150,2025Q4,2025Q2,3,ramp_0.89,data center,Commercial,Inside,Technical Review,648,Q4 2027,,,Y,,Y,,,0.0,0.0,2.0,10.0,216.0,432.0,648.0,648.0,648.0,648.0,648.0,648.0,648.0
P0150,2026Q1,2025Q2,4,ramp_0.97,data center,Commercial,Inside,Request for Service,693,Q2 2028,,,Y,,Y,,,,0.0,0.0,1.0,50.0,250.0,450.0,650.0,693.0,693.0,693.0,693.0,693.0
P0151,2025Q2,2025Q2,1,new,data center,Commercial,Inside,Technical Review,500,Q4 2026,Y,,,,,0.0,0.0,0.0,100.0,200.0,350.0,500.0,500.0,500.0,500.0,500.0,500.0,500.0,500.0,500.0
P0151,2025Q3,2025Q2,2,ramp_0.85,data center,Commercial,Inside,Technical Review,612,Q2 2027,,,,,,0.0,0.0,0.0,0.0,2.0,72.0,360.0,612.0,612.0,612.0,612.0,612.0,612.0,612.0,612.0
P0152,2025Q2,2025Q2,1,new,data center,Commercial,Inside,Technical Review,455,Q4 2026,,,,,,0.0,0.0,0.0,5.0,95.0,365.0,455.0,455.0,455.0,455.0,455.0,455.0,455.0,455.0,455.0
P0152,2025Q3,2025Q2,2,ramp_0.90,data center,Commercial,Inside,Technical Review,500,Q4 2026,,,,,,0.0,0.0,0.0,200.0,250.0,350.0,450.0,500.0,500.0,500.0,500.0,500.0,500.0,500.0,500.0
P0152,2025Q4,2025Q2,3,ramp_0.86,data center,Commercial,Inside,Technical Review,600,Q4 2027,,,,,Y,,,0.0,0.0,50.0,250.0,450.0,600.0,600.0,600.0,600.0,600.0,600.0,600.0,600.0
P0152,2026Q1,2025Q2,4,ramp_0.72,data center,Commercial,Inside,Technical Review,750,Q4 2027,Y,,,,,,,,0.0,400.0,750.0,750.0,750.0,750.0,750.0,750.0,750.0,750.0,750.0,750.0
P0153,2025Q2,2025Q2,1,new,data center,Commercial,Inside,Technical Review,450,Q4 2026,,Y,Y,,Y,0.0,0.0,0.0,5.0,5.0,150.0,300.0,450.0,450.0,450.0,450.0,450.0,450.0,450.0,450.0
P0153,2025Q3,2025Q2,2,exact,data center,Commercial,Inside,Technical Review,450,Q4 2026,,,,,,0.0,0.0,0.0,5.0,5.0,150.0,300.0,450.0,450.0,450.0,450.0,450.0,450.0,450.0,450.0
P0153,2025Q4,2025Q2,3,ramp_0.96,data center,Commercial,Inside,Technical Review,500,Q4 2029,,,Y,,Y,,,0.0,0.0,0.0,0.0,200.0,250.0,350.0,450.0,500.0,500.0,500.0,500.0,500.0
P0153,2026Q1,2025Q2,4,ramp_0.89,data center,Commercial,Outside,Technical Review,500,Q4 2027,Y,,,,,,,,0.0,20.0,20.0,20.0,500.0,500.0,500.0,500.0,500.0,500.0,500.0,500.0
P0154,2025Q2,2025Q2,1,new,,Commercial,Inside,Technical Review,432,Q1 2026,Y,,,,,0.0,0.0,0.0,1.0,1.0,1.0,68.0,144.0,211.0,288.0,356.0,432.0,432.0,432.0,432.0
P0154,2025Q3,2025Q2,2,ramp_0.87,data center,Commercial,Inside,Technical Review,500,Q2 2030,,,Y,,,0.0,0.0,0.0,0.0,0.0,0.0,0.0,100.0,200.0,350.0,400.0,500.0,500.0,500.0,500.0
P0154,2025Q4,2025Q2,3,exact,data center,Commercial,Inside,Technical Review,500,Q2 2030,,,,,,,,0.0,0.0,0.0,0.0,0.0,100.0,200.0,350.0,400.0,500.0,500.0,500.0,500.0
P0154,2026Q1,2025Q2,4,exact,data center,Commercial,Inside,Technical Review,500,Q2 2030,,,,,,,,,0.0,0.0,0.0,0.0,100.0,200.0,350.0,400.0,500.0,500.0,500.0,500.0
P0155,2025Q2,2025Q2,1,new,data center,Commercial,Outside,Technical Review,400,Q4 2026,Y,,,,,0.0,0.0,0.0,20.0,300.0,400.0,400.0,400.0,400.0,400.0,400.0,400.0,400.0,400.0,400.0
P0155,2025Q3,2025Q2,2,exact,data center,Commercial,Outside,Technical Review,400,Q4 2026,,Y,Y,,,0.0,0.0,0.0,20.0,300.0,400.0,400.0,400.0,400.0,400.0,400.0,400.0,400.0,400.0,400.0
P0155,2025Q4,2025Q2,3,ramp_0.91,data center,Commercial,Inside,Technical Review,455,Q4 2027,,,Y,,Y,,,0.0,0.0,5.0,95.0,365.0,455.0,455.0,455.0,455.0,455.0,455.0,455.0,455.0
P0155,2026Q1,2025Q2,4,ramp_0.85,data center,Commercial,Inside,Technical Review,550,Q2 2030,,,,,,,,,0.0,0.0,0.0,0.0,400.0,550.0,550.0,550.0,550.0,550.0,550.0,550.0
P0156,2025Q2,2025Q2,1,new,data center,Commercial,Inside,Technical Review,365,Q1 2028,,,Y,,Y,0.0,0.0,0.0,5.0,125.0,245.0,365.0,365.0,365.0,365.0,365.0,365.0,365.0,365.0,365.0
P0156,2025Q3,2025Q2,2,exact,data center,Commercial,Inside,Technical Review,365,Q1 2028,,,,,,0.0,0.0,0.0,5.0,125.0,245.0,365.0,365.0,365.0,365.0,365.0,365.0,365.0,365.0,365.0
P0156,2025Q4,2025Q2,3,ramp_0.88,data center,Commercial,Inside,Technical Review,455,Q4 2027,Y,,,,,,,0.0,0.0,5.0,95.0,185.0,275.0,365.0,455.0,455.0,455.0,455.0,455.0,455.0
P0156,2026Q1,2025Q2,4,exact_noseg,data center,Commercial,Inside,Technical Review,455,Q4 2027,,,,,,,,,0.0,5.0,95.0,185.0,275.0,365.0,455.0,455.0,455.0,455.0,455.0,455.0
P0157,2025Q2,2025Q2,1,new,manufacturing,Industrial,Inside,Technical Review,80,Q4 2026,,,Y,,Y,0.0,0.0,0.0,5.0,5.0,40.0,40.0,80.0,80.0,80.0,80.0,80.0,80.0,80.0,80.0
P0157,2025Q3,2025Q2,2,exact_noseg,manufacturing,Industrial,Inside,Technical Review,80,Q4 2026,,,,,,0.0,0.0,0.0,5.0,5.0,40.0,40.0,80.0,80.0,80.0,80.0,80.0,80.0,80.0,80.0
P0158,2025Q2,2025Q2,1,new,manufacturing,Industrial,Inside,Technical Review,80,Q4 2026,,,Y,,Y,0.0,0.0,0.0,10.0,80.0,80.0,80.0,80.0,80.0,80.0,80.0,80.0,80.0,80.0,80.0
P0158,2025Q3,2025Q2,2,exact_noseg,manufacturing,Industrial,Inside,Technical Review,80,Q4 2026,,,,,Y,0.0,0.0,0.0,10.0,80.0,80.0,80.0,80.0,80.0,80.0,80.0,80.0,80.0,80.0,80.0
P0159,2025Q2,2025Q2,1,new,other,Industrial,Inside,Technical Review,50,Q4 2026,Y,,,,,0.0,0.0,0.0,50.0,50.0,50.0,50.0,50.0,50.0,50.0,50.0,50.0,50.0,50.0,50.0
P0159,2025Q3,2025Q2,2,exact,other,Industrial,Inside,Technical Review,50,Q4 2026,,,,,,0.0,0.0,0.0,50.0,50.0,50.0,50.0,50.0,50.0,50.0,50.0,50.0,50.0,50.0,50.0
P0159,2025Q4,2025Q2,3,ramp_0.92,other,Industrial,Inside,Technical Review,50,Q4 2027,,,Y,,Y,,,0.0,0.0,50.0,50.0,50.0,50.0,50.0,50.0,50.0,50.0,50.0,50.0,50.0
P0160,2025Q3,2025Q3,1,new,data center,Commercial,Inside,Technical Review,1400,Q2 2027,,,,,,0.0,0.0,0.0,0.0,150.0,1400.0,1400.0,1400.0,1400.0,1400.0,1400.0,1400.0,1400.0,1400.0,1400.0
P0160,2025Q4,2025Q3,2,ramp_0.72,data center,Commercial,Outside,Technical Review,2000,Q2 2028,Y,,,,,,,0.0,0.0,0.0,1000.0,2000.0,2000.0,2000.0,2000.0,2000.0,2000.0,2000.0,2000.0,2000.0
P0160,2026Q1,2025Q3,3,exact_noseg,data center,Commercial,Outside,Technical Review,2000,Q2 2028,,,,,,,,,0.0,0.0,1000.0,2000.0,2000.0,2000.0,2000.0,2000.0,2000.0,2000.0,2000.0,2000.0
P0161,2025Q3,2025Q3,1,new,data center,Commercial,Inside,Technical Review,455,Q4 2026,,,Y,Y,Y,0.0,0.0,0.0,95.0,185.0,275.0,365.0,455.0,455.0,455.0,455.0,455.0,455.0,455.0,455.0
P0161,2025Q4,2025Q3,2,ramp_0.93,data center,Commercial,Inside,Technical Review,500,Q4 2027,,,Y,,Y,,,0.0,0.0,200.0,250.0,350.0,450.0,500.0,500.0,500.0,500.0,500.0,500.0,500.0
P0161,2026Q1,2025Q3,3,exact,data center,Commercial,Inside,Technical Review,500,Q4 2027,,,,,,,,,0.0,200.0,250.0,350.0,450.0,500.0,500.0,500.0,500.0,500.0,500.0,500.0
P0162,2025Q3,2025Q3,1,new,data center,Commercial,Inside,Technical Review,455,Q4 2026,,,Y,,,0.0,0.0,0.0,5.0,95.0,365.0,455.0,455.0,455.0,455.0,455.0,455.0,455.0,455.0,455.0
P0162,2025Q4,2025Q3,2,ramp_0.84,other,Industrial,Outside,Technical Review,550,Q2 2028,Y,,,,,,,0.0,0.0,0.0,340.0,550.0,550.0,550.0,550.0,550.0,550.0,550.0,550.0,550.0
P0162,2026Q1,2025Q3,3,ramp_0.95,data center,Commercial,Inside,Technical Review,600,Q4 2027,,,,,,,,,0.0,5.0,204.0,454.0,600.0,600.0,600.0,600.0,600.0,600.0,600.0,600.0
P0163,2025Q3,2025Q3,1,new,data center,Commercial,Inside,Technical Review,455,Q4 2026,,,Y,,,0.0,0.0,0.0,5.0,95.0,365.0,455.0,455.0,455.0,455.0,455.0,455.0,455.0,455.0,455.0
P0163,2025Q4,2025Q3,2,ramp_0.88,data center,Commercial,Inside,Technical Review,550,Q4 2027,Y,,,,,,,0.0,0.0,5.0,162.5,312.5,500.0,550.0,550.0,550.0,550.0,550.0,550.0,550.0
P0163,2026Q1,2025Q3,3,exact,data center,Commercial,Inside,Technical Review,550,Q4 2027,Y,,,,,,,,0.0,5.0,100.0,310.0,500.0,550.0,550.0,550.0,550.0,550.0,550.0,550.0
P0164,2025Q3,2025Q3,1,new,manufacturing,Industrial,Inside,Technical Review,450,Q2 2030,,,,,,0.0,0.0,0.0,0.0,0.0,0.0,0.0,450.0,450.0,450.0,450.0,450.0,450.0,450.0,450.0
P0164,2025Q4,2025Q3,2,exact,manufacturing,Industrial,Inside,Technical Review,450,Q2 2030,,,,,,,,0.0,0.0,0.0,0.0,0.0,450.0,450.0,450.0,450.0,450.0,450.0,450.0,450.0
P0164,2026Q1,2025Q3,3,exact,manufacturing,Industrial,Inside,Technical Review,450,Q2 2030,,,,,,,,,0.0,0.0,0.0,0.0,450.0,450.0,450.0,450.0,450.0,450.0,450.0,450.0
P0165,2025Q3,2025Q3,1,new,data center,Commercial,Inside,Technical Review,432,Q2 2028,,Y,Y,,,0.0,0.0,0.0,0.0,0.0,1.0,68.0,144.0,211.0,288.0,356.0,432.0,432.0,432.0,432.0
P0165,2025Q4,2025Q3,2,ramp_0.88,data center,Commercial,Inside,Technical Review,567,Q2 2030,,,Y,,Y,,,0.0,0.0,0.0,0.0,0.0,2.0,81.0,162.0,243.0,324.0,567.0,567.0,567.0
P0165,2026Q1,2025Q3,3,exact,data center,Commercial,Inside,Technical Review,567,Q2 2030,,,,,,,,,0.0,0.0,0.0,0.0,2.0,81.0,162.0,243.0,324.0,567.0,567.0,567.0
P0166,2025Q3,2025Q3,1,new,data center,Commercial,Inside,Technical Review,420,Q2 2027,,Y,Y,,,0.0,0.0,0.0,0.0,50.0,250.0,420.0,420.0,420.0,420.0,420.0,420.0,420.0,420.0,420.0
P0166,2025Q4,2025Q3,2,ramp_0.87,data center,Commercial,Inside,Technical Review,481,Q2 2029,,,Y,,Y,,,0.0,0.0,0.0,0.0,480.8,480.8,480.8,480.8,480.8,480.8,480.8,480.8,480.8
P0166,2026Q1,2025Q3,3,exact,data center,Commercial,Inside,Technical Review,481,Q2 2029,,,,,,,,,0.0,0.0,0.0,481.0,481.0,481.0,481.0,481.0,481.0,481.0,481.0,481.0
P0167,2025Q3,2025Q3,1,new,other,Commercial,Inside,Technical Review,300,Q4 2026,,,,,,0.0,0.0,0.0,100.0,200.0,300.0,300.0,300.0,300.0,300.0,300.0,300.0,300.0,300.0,300.0
P0167,2025Q4,2025Q3,2,ramp_0.76,data center,Commercial,Inside,Technical Review,455,Q4 2029,,,Y,,Y,,,0.0,0.0,0.0,0.0,5.0,95.0,185.0,275.0,365.0,455.0,455.0,455.0,455.0
P0167,2026Q1,2025Q3,3,ramp_1.00,data center,Commercial,Inside,Technical Review,455,Q2 2029,,,,,Y,,,,0.0,0.0,0.0,5.0,95.0,185.0,275.0,365.0,455.0,455.0,455.0,455.0
P0168,2025Q3,2025Q3,1,new,data center,Commercial,Inside,Contract for Electric Service,180,Q4 2026,,,,,,0.0,0.0,0.0,15.0,72.0,165.0,180.0,180.0,180.0,180.0,180.0,180.0,180.0,180.0,180.0
P0168,2025Q4,2025Q3,2,exact,data center,Commercial,Inside,Contract for Electric Service,180,Q4 2026,,,,,,,,0.0,15.0,72.0,165.0,180.0,180.0,180.0,180.0,180.0,180.0,180.0,180.0,180.0
P0168,2026Q1,2025Q3,3,exact,data center,Commercial,Inside,Contract for Electric Service,180,Q4 2026,,,,,,,,,15.0,72.0,165.0,180.0,180.0,180.0,180.0,180.0,180.0,180.0,180.0,180.0
P0169,2025Q3,2025Q3,1,new,data center,Commercial,Inside,Technical Review,180,Q2 2029,Y,,,,,0.0,0.0,0.0,0.0,0.0,0.0,90.0,180.0,180.0,180.0,180.0,180.0,180.0,180.0,180.0
P0169,2025Q4,2025Q3,2,exact,data center,Commercial,Inside,Technical Review,180,Q2 2029,,,,,,,,0.0,0.0,0.0,0.0,90.0,180.0,180.0,180.0,180.0,180.0,180.0,180.0,180.0
P0169,2026Q1,2025Q3,3,exact,data center,Commercial,Inside,Technical Review,180,Q2 2029,,,,,,,,,0.0,0.0,0.0,90.0,180.0,180.0,180.0,180.0,180.0,180.0,180.0,180.0
P0170,2025Q3,2025Q3,1,new,manufacturing,Industrial,Multiple Sites,Technical Review,72,Q2 2028,Y,,,,,0.0,0.0,0.0,0.0,0.0,18.0,36.0,54.0,72.0,72.0,72.0,72.0,72.0,72.0,72.0
P0171,2025Q3,2025Q3,1,new,manufacturing,Industrial,Outside,Technical Review,45,Q1 2028,Y,,,,,0.0,0.0,0.0,0.0,15.0,15.0,45.0,45.0,45.0,45.0,45.0,45.0,45.0,45.0,45.0
P0171,2025Q4,2025Q3,2,ramp_0.83,manufacturing,Industrial,Inside,Technical Review,50,Q2 2029,Y,,,,,,,0.0,0.0,0.0,0.0,25.0,38.5,38.5,38.5,38.5,38.5,38.5,38.5,50.0
P0171,2026Q1,2025Q3,3,exact,manufacturing,Industrial,Inside,Technical Review,50,Q2 2029,,,,,,,,,0.0,0.0,0.0,25.0,39.0,39.0,39.0,39.0,39.0,39.0,39.0,39.0
P0172,2025Q4,2025Q4,1,new,data center,Commercial,Inside,Technical Review,3255,Q2 2028,Y,,,,,,,0.0,0.0,0.0,1200.0,1400.0,1500.0,2000.0,3255.0,3255.0,3255.0,3255.0,3255.0,3255.0
P0172,2026Q1,2025Q4,2,ramp_0.92,data center,Commercial,Inside,Technical Review,3210,Q2 2028,,Y,Y,,,,,,0.0,0.0,1200.0,1500.0,2800.0,3210.0,3210.0,3210.0,3210.0,3210.0,3210.0,3210.0
P0173,2025Q4,2025Q4,1,new,data center,Commercial,Inside,Technical Review,3255,Q2 2029,Y,,,,,,,0.0,0.0,0.0,0.0,100.0,1600.0,2500.0,3255.0,3255.0,3255.0,3255.0,3255.0,3255.0
P0173,2026Q1,2025Q4,2,ramp_0.95,data center,Commercial,Inside,Technical Review,3500,Q2 2031,Y,,,,,,,,0.0,0.0,0.0,0.0,0.0,2187.0,3281.0,3500.0,3500.0,3500.0,3500.0,3500.0
P0174,2025Q4,2025Q4,1,new,data center,Commercial,Outside,Technical Review,3000,Q4 2027,Y,,,,,,,0.0,0.0,5.0,380.0,760.0,1140.0,1500.0,1880.0,2260.0,2640.0,3000.0,3000.0,3000.0
P0174,2026Q1,2025Q4,2,exact,data center,Commercial,Outside,Technical Review,3000,Q4 2027,,,,,,,,,0.0,5.0,380.0,760.0,1140.0,1500.0,1880.0,2260.0,2640.0,3000.0,3000.0,3000.0
P0175,2025Q4,2025Q4,1,new,data center,Commercial,Outside,Technical Review,1463,Q4 2027,Y,,,,,,,0.0,0.0,675.0,1463.0,1463.0,1463.0,1463.0,1463.0,1463.0,1463.0,1463.0,1463.0,1463.0
P0175,2026Q1,2025Q4,2,ramp_0.81,data center,Commercial,Outside,Technical Review,2000,Q2 2028,Y,,,,,,,,0.0,0.0,400.0,800.0,1200.0,1600.0,2000.0,2000.0,2000.0,2000.0,2000.0,2000.0
P0176,2025Q4,2025Q4,1,new,data center,Commercial,Inside,Request for Service,1400,Q4 2027,,,Y,Y,Y,,,0.0,0.0,350.0,350.0,1400.0,1400.0,1400.0,1400.0,1400.0,1400.0,1400.0,1400.0,1400.0
P0176,2026Q1,2025Q4,2,exact_noseg,data center,Commercial,Inside,Contract for Electric Service,1400,Q4 2027,,,,Y,,,,,0.0,350.0,350.0,1400.0,1400.0,1400.0,1400.0,1400.0,1400.0,1400.0,1400.0,1400.0
P0177,2025Q4,2025Q4,1,new,data center,Commercial,Outside,Technical Review,450,Q4 2027,,,,,Y,,,0.0,0.0,75.0,150.0,225.0,300.0,375.0,450.0,450.0,450.0,450.0,450.0,450.0
P0177,2026Q1,2025Q4,2,ramp_0.94,data center,Commercial,Inside,Technical Review,500,Q2 2029,Y,,,,Y,,,,0.0,0.0,0.0,200.0,250.0,350.0,450.0,500.0,500.0,500.0,500.0,500.0
P0178,2025Q4,2025Q4,1,new,data center,Commercial,Inside,Request for Service,432,Q2 2029,,,Y,,Y,,,0.0,0.0,0.0,0.0,550.0,153.7,229.3,328.3,432.0,432.0,432.0,432.0,432.0
P0178,2026Q1,2025Q4,2,ramp_0.84,data center,Commercial,Inside,Technical Review,455,Q4 2027,,,,,,,,,0.0,5.0,95.0,365.0,455.0,455.0,455.0,455.0,455.0,455.0,455.0,455.0
P0179,2025Q4,2025Q4,1,new,data center,Commercial,Inside,Technical Review,420,Q4 2027,,,,,Y,,,0.0,0.0,50.0,250.0,420.0,420.0,420.0,420.0,420.0,420.0,420.0,420.0,420.0
P0179,2026Q1,2025Q4,2,exact,data center,Commercial,Inside,Technical Review,420,Q4 2027,,,,,,,,,0.0,50.0,250.0,420.0,420.0,420.0,420.0,420.0,420.0,420.0,420.0,420.0
P0180,2025Q4,2025Q4,1,new,data center,Commercial,Outside,Technical Review,405,Q2 2029,,Y,Y,,Y,,,0.0,0.0,0.0,0.0,216.0,324.0,405.0,405.0,405.0,405.0,405.0,405.0,405.0
P0180,2026Q1,2025Q4,2,ramp_0.99,data center,Commercial,Inside,Request for Service,432,Q2 2028,,,Y,,Y,,,,0.0,0.0,55.0,154.0,229.0,328.0,432.0,432.0,432.0,432.0,432.0,432.0
P0181,2025Q4,2025Q4,1,new,data center,Commercial,Inside,Technical Review,365,Q4 2027,,,Y,,Y,,,0.0,0.0,10.0,124.0,196.0,269.0,341.0,365.0,365.0,365.0,365.0,365.0,365.0
P0181,2026Q1,2025Q4,2,exact,data center,Commercial,Inside,Technical Review,365,Q4 2027,,,,,,,,,0.0,10.0,124.0,196.0,269.0,341.0,365.0,365.0,365.0,365.0,365.0,365.0
P0182,2025Q4,2025Q4,1,new,data center,Commercial,Inside,Technical Review,350,Q4 2027,Y,,,,,,,0.0,0.0,1.2,86.5,155.2,224.0,292.7,350.0,350.0,350.0,350.0,350.0,350.0
P0182,2026Q1,2025Q4,2,exact,data center,Commercial,Inside,Technical Review,350,Q4 2027,,,,,,,,,0.0,1.0,87.0,155.0,224.0,293.0,350.0,350.0,350.0,350.0,350.0,350.0
P0183,2025Q4,2025Q4,1,new,data center,Commercial,Outside,Technical Review,325,Q2 2028,Y,,,,,,,0.0,0.0,0.0,95.0,185.0,325.0,325.0,325.0,325.0,325.0,325.0,325.0,325.0
P0183,2026Q1,2025Q4,2,ramp_0.88,data center,Commercial,Outside,Technical Review,365,Q4 2027,Y,,,,,,,,0.0,5.0,125.0,245.0,365.0,365.0,365.0,365.0,365.0,365.0,365.0,365.0
P0184,2025Q4,2025Q4,1,new,other,Industrial,Multiple Sites,Technical Review,300,Q4 2027,,,Y,,Y,,,0.0,0.0,300.0,300.0,300.0,300.0,300.0,300.0,300.0,300.0,300.0,300.0,300.0
P0184,2026Q1,2025Q4,2,ramp_0.77,data center,Commercial,Outside,Technical Review,405,Q4 2027,,,Y,,Y,,,,0.0,216.0,324.0,405.0,405.0,405.0,405.0,405.0,405.0,405.0,405.0,405.0
P0185,2025Q4,2025Q4,1,new,data center,Commercial,Inside,Technical Review,240,Q4 2027,,,Y,,Y,,,0.0,0.0,40.0,80.0,120.0,160.0,200.0,240.0,240.0,240.0,240.0,240.0,240.0
P0185,2026Q1,2025Q4,2,exact,data center,Commercial,Inside,Technical Review,240,Q4 2027,,,,,,,,,0.0,40.0,80.0,120.0,160.0,200.0,240.0,240.0,240.0,240.0,240.0,240.0
P0186,2025Q4,2025Q4,1,new,data center,Commercial,Inside,Request for Service,228,Q2 2028,,,,,Y,,,0.0,0.0,0.0,10.0,107.0,228.0,228.0,228.0,228.0,228.0,228.0,228.0,228.0
P0186,2026Q1,2025Q4,2,ramp_0.98,data center,Commercial,Inside,Contract for Electric Service,216,Q1 2028,,,Y,,,,,,0.0,0.0,72.0,216.0,216.0,216.0,216.0,216.0,216.0,216.0,216.0,216.0
P0187,2025Q4,2025Q4,1,new,data center,Commercial,Inside,Request for Service,225,Q3 2029,,Y,Y,,Y,,,0.0,0.0,0.0,0.0,45.0,135.0,225.0,225.0,225.0,225.0,225.0,225.0,225.0
P0187,2026Q1,2025Q4,2,ramp_0.92,data center,Commercial,Inside,Request for Service,225,Q2 2028,,,Y,,Y,,,,0.0,0.0,45.0,135.0,225.0,225.0,225.0,225.0,225.0,225.0,225.0,225.0
P0188,2025Q4,2025Q4,1,new,data center,Commercial,Inside,Technical Review,216,Q3 2029,,,Y,,Y,,,0.0,0.0,0.0,0.0,36.0,108.0,180.0,216.0,216.0,216.0,216.0,216.0,216.0
P0188,2026Q1,2025Q4,2,ramp_0.96,data center,Commercial,Inside,Request for Service,216,Q2 2030,,,,,,,,,0.0,0.0,0.0,0.0,72.0,144.0,216.0,216.0,216.0,216.0,216.0,216.0
P0189,2025Q4,2025Q4,1,new,clean energy tech,Industrial,Outside,Contract for Electric Service,207,Q4 2025,,,,,,,,96.4,131.6,148.0,184.0,196.0,207.0,207.0,207.0,207.0,207.0,207.0,207.0,207.0
P0189,2026Q1,2025Q4,2,exact,clean energy tech,Industrial,Outside,Contract for Electric Service,207,Q4 2025,,,,,,,,,132.0,148.0,184.0,196.0,207.0,207.0,207.0,207.0,207.0,207.0,207.0,207.0
P0190,2025Q4,2025Q4,1,new,data center,Commercial,Outside,Technical Review,200,Q4 2027,Y,,,,,,,0.0,0.0,0.5,0.5,0.5,200.0,200.0,200.0,200.0,200.0,200.0,200.0,200.0
P0190,2026Q1,2025Q4,2,exact,data center,Commercial,Outside,Technical Review,200,Q4 2027,,,,,,,,,0.0,1.0,1.0,1.0,200.0,200.0,200.0,200.0,200.0,200.0,200.0,200.0
P0191,2025Q4,2025Q4,1,new,manufacturing,Industrial,Inside,Request for Service,105,Q4 2027,,,,,Y,,,0.0,0.0,5.0,91.4,105.0,105.0,105.0,105.0,105.0,105.0,105.0,105.0,105.0
P0191,2026Q1,2025Q4,2,exact,manufacturing,Industrial,Inside,Request for Service,105,Q4 2027,,,,,,,,,0.0,5.0,91.0,105.0,105.0,105.0,105.0,105.0,105.0,105.0,105.0,105.0
P0192,2025Q4,2025Q4,1,new,clean energy tech,Industrial,Inside,Contract for Electric Service,90,Q4 2025,,,,,,,,90.0,90.0,90.0,90.0,90.0,90.0,90.0,90.0,90.0,90.0,90.0,90.0,90.0
P0192,2026Q1,2025Q4,2,exact,clean energy tech,Industrial,Inside,Contract for Electric Service,90,Q4 2025,,,,,,,,,90.0,90.0,90.0,90.0,90.0,90.0,90.0,90.0,90.0,90.0,90.0,90.0
P0193,2025Q4,2025Q4,1,new,manufacturing,Industrial,Outside,Technical Review,45,Q4 2027,,,,,Y,,,0.0,0.0,15.0,15.0,45.0,45.0,45.0,45.0,45.0,45.0,45.0,45.0,45.0
P0193,2026Q1,2025Q4,2,exact,manufacturing,Industrial,Outside,Technical Review,45,Q4 2027,,,,,,,,,0.0,15.0,15.0,45.0,45.0,45.0,45.0,45.0,45.0,45.0,45.0,45.0
P0194,2026Q1,2026Q1,1,new,data center,Commercial,Inside,Technical Review,1400,Q2 2028,,Y,Y,,Y,,,,0.0,0.0,1400.0,1400.0,1400.0,1400.0,1400.0,1400.0,1400.0,1400.0,1400.0,1400.0
P0195,2026Q1,2026Q1,1,new,data center,Commercial,Outside,Technical Review,1115,Q2 2028,Y,,,,,,,,0.0,0.0,450.0,450.0,1115.0,1115.0,1115.0,1115.0,1115.0,1115.0,1115.0,1115.0
P0196,2026Q1,2026Q1,1,new,data center,Commercial,Inside,Technical Review,910,Q4 2027,,,,,,,,,0.0,100.0,370.0,550.0,730.0,910.0,910.0,910.0,910.0,910.0,910.0,910.0
P0197,2026Q1,2026Q1,1,new,data center,Commercial,Inside,Technical Review,910,Q4 2027,,,,,,,,,0.0,100.0,370.0,550.0,730.0,910.0,910.0,910.0,910.0,910.0,910.0,910.0
P0198,2026Q1,2026Q1,1,new,data center,Commercial,Inside,Technical Review,860,Q2 2029,,Y,Y,,Y,,,,0.0,0.0,0.0,860.0,860.0,860.0,860.0,860.0,860.0,860.0,860.0,860.0
P0199,2026Q1,2026Q1,1,new,data center,Commercial,Inside,Technical Review,360,Q2 2029,,Y,Y,,Y,,,,0.0,0.0,0.0,288.0,360.0,360.0,360.0,360.0,360.0,360.0,360.0,360.0
P0200,2026Q1,2026Q1,1,new,data center,Commercial,Outside,Technical Review,300,Q2 2028,,,,,,,,,0.0,0.0,34.0,74.0,114.0,154.0,194.0,234.0,274.0,300.0,300.0,300.0
P0201,2026Q1,2026Q1,1,new,data center,Commercial,Inside,Technical Review,250,Q4 2027,,,,,,,,,0.0,25.0,200.0,250.0,250.0,250.0,250.0,250.0,250.0,250.0,250.0,250.0
P0202,2026Q1,2026Q1,1,new,data center,Commercial,Inside,Technical Review,230,Q2 2029,,,Y,,Y,,,,0.0,0.0,0.0,10.0,150.0,230.0,230.0,230.0,230.0,230.0,230.0,230.0
P0203,2026Q1,2026Q1,1,new,data center,Commercial,Inside,Technical Review,216,Q2 2029,,,Y,,Y,,,,0.0,0.0,0.0,144.0,216.0,216.0,216.0,216.0,216.0,216.0,216.0,216.0
P0204,2026Q1,2026Q1,1,new,data center,Commercial,Inside,Technical Review,200,Q4 2027,,Y,Y,,,,,,0.0,200.0,200.0,200.0,200.0,200.0,200.0,200.0,200.0,200.0,200.0,200.0
P0205,2026Q1,2026Q1,1,new,data center,Commercial,Inside,Technical Review,180,Q2 2028,Y,,,,,,,,0.0,0.0,90.0,180.0,180.0,180.0,180.0,180.0,180.0,180.0,180.0,180.0
P0206,2026Q1,2026Q1,1,new,clean energy tech,Industrial,Outside,Technical Review,50,Q4 2027,Y,,,,,,,,0.0,13.0,25.0,50.0,50.0,50.0,50.0,50.0,50.0,50.0,50.0,50.0
